Workbook

Sheet 요약
A1: 2026년 10월 광고 성과 및 11~12월 목표 · 아넬라 / 로지오가닉
A2: ="집계 "&TEXT('가정'!B5,"yyyy.mm.dd")&" ~ "&TEXT('가정'!B6,"mm.dd")&" ("&'가정'!B7&"일) · 월말 예상은 10/26~28 일평균 기준 · 금액 단위 만원 · 네이버 VAT 미포함 · 매출은 매체 구매 귀속 기준"
A4: 1. 한눈에 보기
A5: ="· 아넬라: 28일 ROAS "&TEXT('10월_실적'!G31,"#,##0%")&"로 KPI 하한("&TEXT('10월_실적'!C31,"0%")&")의 "&TEXT('10월_실적'!H31,"0%")&". 월말 예상 ROAS "&TEXT('10월_실적'!D38,"#,##0%")&"이나 예산은 일할 대비 "&TEXT('10월_실적'!E13,"0%")&"만 사용했습니다."
A6: ="· 로지오가닉: 28일 ROAS "&TEXT('10월_실적'!G32,"#,##0%")&"로 하한("&TEXT('10월_실적'!C32,"0%")&")의 "&TEXT('10월_실적'!H32,"0%")&". 메타 스스 이상치 이틀을 빼도 "&TEXT('10월_실적'!D46,"#,##0%")&"로 하한을 넘습니다."
A7: ="· 아넬라는 행사 구간 ROAS("&TEXT('주차별_추이'!I11,"#,##0%")&")가 상시 구간("&TEXT('주차별_추이'!H11,"#,##0%")&")의 "&TEXT('주차별_추이'!I11/'주차별_추이'!H11,"0.0")&"배라, 11월 목표는 행사 일정에 좌우됩니다. 하한 달성에 필요한 행사일수는 약 "&TEXT('목표_11-12월'!O30,"0.0")&"일(11월)입니다."
A9: 2. 10월 실적과 목표(소급) 대비
A10: 브랜드 | B10: 광고비 | C10: 매출 | D10: ROAS | E10: KPI 하한 | F10: ROAS 달성률 | G10: 월말 예상 ROAS | H10: 월말 예상 매출 ÷ 목표 | I10: 구매(건) | J10: 스토어 일반 순매출 | K10: 28일 판정
A11: 아넬라 | B11: ='10월_실적'!E31 | C11: ='10월_실적'!F31 | D11: ='10월_실적'!G31 | E11: ='10월_실적'!C31 | F11: ='10월_실적'!H31 | G11: ='10월_실적'!D38 | H11: ='10월_실적'!F38 | I11: ='10월_실적'!J13 | J11: ='주차별_추이'!G17/10000 | K11: ='10월_실적'!I31
A12: 로지오가닉 | B12: ='10월_실적'!E32 | C12: ='10월_실적'!F32 | D12: ='10월_실적'!G32 | E12: ='10월_실적'!C32 | F12: ='10월_실적'!H32 | G12: ='10월_실적'!D39 | H12: ='10월_실적'!F39 | I12: ='10월_실적'!J25 | J12: ='주차별_추이'!G38/10000 | K12: ='10월_실적'!I32
A13: 합계 | B13: =B11+B12 | C13: =C11+C12 | D13: =IF(B13=0,0,C13/B13) | E13: ='10월_실적'!C33 | F13: ='10월_실적'!H33 | G13: ='10월_실적'!D40 | H13: ='10월_실적'!F40 | I13: =I11+I12 | J13: =J11+J12 | K13: ='10월_실적'!I33
A14: 10월 목표가 따로 없어 4분기 KPI 보고안의 ROAS 하한(아넬라 850%, 로지 420%)과 10월 광고예산을 소급 적용했습니다. 스토어 일반 순매출은 공동구매 상품을 제외한 값입니다.
A16: 3. 매체별 ROAS와 광고비 (10/1~10/28)
A17: 매체 | B17: 아넬라 광고비 | C17: 아넬라 매출 | D17: 아넬라 ROAS | E17: 로지 광고비 | F17: 로지 매출 | G17: 로지 ROAS
A18: 파워링크 | B18: ='10월_실적'!D6 | C18: ='10월_실적'!L6 | D18: ='10월_실적'!M6 | E18: ='10월_실적'!D18 | F18: ='10월_실적'!L18 | G18: ='10월_실적'!M18
A19: 쇼핑검색 | B19: ='10월_실적'!D7 | C19: ='10월_실적'!L7 | D19: ='10월_실적'!M7 | E19: ='10월_실적'!D19 | F19: ='10월_실적'!L19 | G19: ='10월_실적'!M19
A20: 브랜드검색 | B20: ='10월_실적'!D8 | C20: ='10월_실적'!L8 | D20: ='10월_실적'!M8 | E20: ='10월_실적'!D20 | F20: ='10월_실적'!L20 | G20: ='10월_실적'!M20
A21: GFA 카탈로그 | B21: ='10월_실적'!D9 | C21: ='10월_실적'!L9 | D21: ='10월_실적'!M9 | E21: ='10월_실적'!D21 | F21: ='10월_실적'!L21 | G21: ='10월_실적'!M21
A22: GFA 전환 | B22: ='10월_실적'!D10 | C22: ='10월_실적'!L10 | D22: ='10월_실적'!M10 | E22: ='10월_실적'!D22 | F22: ='10월_실적'!L22 | G22: ='10월_실적'!M22
A23: 메타 스스 | B23: ='10월_실적'!D11 | C23: ='10월_실적'!L11 | D23: ='10월_실적'!M11 | E23: ='10월_실적'!D23 | F23: ='10월_실적'!L23 | G23: ='10월_실적'!M23
A24: 메타 자사몰 | B24: ='10월_실적'!D12 | C24: ='10월_실적'!L12 | D24: ='10월_실적'!M12 | E24: ='10월_실적'!D24 | F24: ='10월_실적'!L24 | G24: ='10월_실적'!M24
A25: 합계 | B25: =SUM(B18:B24) | C25: =SUM(C18:C24) | D25: =IF(B25=0,0,C25/B25) | E25: =SUM(E18:E24) | F25: =SUM(F18:F24) | G25: =IF(E25=0,0,F25/E25)
A26: 브랜드검색 ROAS는 월 정액 대비 값입니다. GFA 전환 로지오가닉은 10/26부터 집행했습니다.
A28: 4. 잘한 점 · 성과 이유 / 미달 · 보완
A29: ="· 아넬라 파워링크 노출 시간 제한(10/14~): 행사가 없는 두 주를 비교하면 광고비 "&TEXT('시간제한_검증'!E7,"+0%;-0%")&"인데 구매는 "&'시간제한_검증'!B10&"건에서 "&'시간제한_검증'!C10&"건으로 유지되고 ROAS는 "&TEXT('시간제한_검증'!B13,"#,##0%")&"에서 "&TEXT('시간제한_검증'!C13,"#,##0%")&"로 올랐습니다."
A30: ="· 아넬라 저효율 키워드·지면 정리와 시간 제한으로 일할 예산의 "&TEXT('10월_실적'!E13,"0%")&"만 집행하고도 ROAS가 하한에 근접("&TEXT('10월_실적'!H31,"0%")&")했습니다. 상시 구간에서는 쇼핑검색(ROAS "&TEXT('주차별_추이'!H49,"#,##0%")&")이 파워링크("&TEXT('주차별_추이'!H48,"#,##0%")&")보다 효율이 높았습니다."
A31: ="· 메타 시크릿링크가 자사몰 매출의 주축입니다. 시크릿특가 상품이 자사몰 매출의 아넬라 "&TEXT('자사몰_매출'!H7,"0%")&", 로지 "&TEXT('자사몰_매출'!H8,"0%")&"를 차지하고, 시크릿특가 매출 기준 ROAS는 아넬라 "&TEXT('자사몰_매출'!G15,"#,##0%")&", 로지 "&TEXT('자사몰_매출'!G16,"#,##0%")&"입니다."
A32: ="· 로지오가닉은 행사 영향이 작은 가운데 하한을 상회(ROAS "&TEXT('10월_실적'!G32,"#,##0%")&", 이상치 제외 "&TEXT('10월_실적'!D46,"#,##0%")&")했고, 메타 자사몰 과자 시크릿링크가 10월 내내 안정적("&TEXT('10월_실적'!M24,"#,##0%")&")이었습니다."
A33: ="· 아넬라 상시 구간 ROAS "&TEXT('주차별_추이'!H11,"#,##0%")&"로 하한("&TEXT('10월_실적'!C31,"0%")&")의 절반 수준. 4주차(10/19~25)는 전 매체 ROAS가 하락했습니다. 보완: 상시 소재 교체, 시간대 입찰 원복 검토, 저효율 정리 효과 검증."
A34: ="· 아넬라 메타 자사몰·카탈로그 효율 하락. 웰컴박스·기획전은 보류 유지, 시크릿링크는 개편 썸네일로 교체, 카탈로그는 주력 상품 중심으로 재구성."
A35: ="· 로지오가닉 파워링크+쇼핑검색 합산 ROAS "&TEXT('성과분석'!E20,"#,##0%")&"로 하한 미달. 보완: 파워링크 대표K·구매K 점검, 11/8 이후 상시 구간으로 감액 효과 검증."
A36: ="· 로지오가닉 메타 스스 10/24~25 전환값이 같은 이틀 스토어 결제의 "&TEXT('점검'!D15,"0.0")&"배. 집계 이슈 가능성이 있어 확인 전까지 목표 산정에서 제외했습니다."
A38: 5. 11~12월 목표 (광고비는 확정 예산, 목표 매출은 행사일수 가정에 따른 시나리오)
A39: 브랜드 | B39: 월 | C39: 광고비 | D39: 목표 ROAS 보수 | E39: 목표 ROAS 기준 | F39: 목표 ROAS 도전 | G39: 목표 매출 보수 | H39: 목표 매출 기준 | I39: 목표 매출 도전 | J39: KPI 하한 | K39: 하한 달성 필요 행사일수
A40: 아넬라 | B40: 11월 | C40: ='목표_11-12월'!K19 | D40: ='목표_11-12월'!L19 | E40: ='목표_11-12월'!M19 | F40: ='목표_11-12월'!N19 | G40: ='목표_11-12월'!O19 | H40: ='목표_11-12월'!P19 | I40: ='목표_11-12월'!Q19 | J40: ='목표_11-12월'!B30 | K40: ='목표_11-12월'!O30
A41: 아넬라 | B41: 12월 | C41: ='목표_11-12월'!K43 | D41: ='목표_11-12월'!L43 | E41: ='목표_11-12월'!M43 | F41: ='목표_11-12월'!N43 | G41: ='목표_11-12월'!O43 | H41: ='목표_11-12월'!P43 | I41: ='목표_11-12월'!Q43 | J41: ='목표_11-12월'!B54 | K41: ='목표_11-12월'!O54
A42: 로지오가닉 | B42: 11월 | C42: ='목표_11-12월'!K27 | D42: ='목표_11-12월'!L27 | E42: ='목표_11-12월'!M27 | F42: ='목표_11-12월'!N27 | G42: ='목표_11-12월'!O27 | H42: ='목표_11-12월'!P27 | I42: ='목표_11-12월'!Q27 | J42: ='목표_11-12월'!B31 | K42: ='목표_11-12월'!O31
A43: 로지오가닉 | B43: 12월 | C43: ='목표_11-12월'!K51 | D43: ='목표_11-12월'!L51 | E43: ='목표_11-12월'!M51 | F43: ='목표_11-12월'!N51 | G43: ='목표_11-12월'!O51 | H43: ='목표_11-12월'!P51 | I43: ='목표_11-12월'!Q51 | J43: ='목표_11-12월'!B55 | K43: ='목표_11-12월'!O55
A44: ="가정: 11월 행사일수 "&'목표_11-12월'!B6&"/"&'목표_11-12월'!C6&"/"&'목표_11-12월'!D6&"일(보수/기준/도전), 12월 "&'목표_11-12월'!B7&"/"&'목표_11-12월'!C7&"/"&'목표_11-12월'!D7&"일. 11월 확정은 넾다세일 8일뿐이고 나머지는 영업팀 일정에 따라 수정합니다."
A45: ="스마트스토어 일반상품 순매출 목표(기준, 공구 제외): 아넬라 11월 "&TEXT('목표_11-12월'!J60,"#,##0")&"만원, 12월 "&TEXT('목표_11-12월'!J61,"#,##0")&"만원 / 로지오가닉 11월 "&TEXT('목표_11-12월'!J62,"#,##0")&"만원, 12월 "&TEXT('목표_11-12월'!J63,"#,##0")&"만원"
A46: ="목표 매출은 예산 100% 사용 가정입니다(10월 소진율: 아넬라 "&TEXT('10월_실적'!E13,"0%")&", 로지 "&TEXT('10월_실적'!E25,"0%")&"). 아넬라는 기준 시나리오에서도 하한에 못 미치므로, 하한을 유지하려면 행사일 확보가, 행사가 부족하면 하한 조정 논의가 필요합니다."
A49: 6. 확인이 필요한 사항
A50: · 블랙프라이데이·12월 행사 일정 (영업팀). 확정되면 목표 시트의 행사일수만 바꾸면 목표가 다시 계산됩니다.
A51: · 로지오가닉 메타 스스 10/24~25 전환 집계 (점검 시트 1번).
A52: · 10/29~10/31 확정 실적. 확정되면 월말 예상을 실적으로 교체합니다.
A53: · 네이버 광고비의 VAT 기준이 예산표(VAT 미포함)와 같은지 확인.
A54: · 아넬라 GFA 전환의 귀속 지연(노출 0인 날의 전환). 확인 전까지 이 매체의 행사 구간 ROAS는 높게 나올 수 있습니다.
A56: 7. 자사몰 매출 (상품명에 "시크릿 특가" = 메타 시크릿링크 유입)
A57: 브랜드 | B57: 자사몰 매출 | C57: 시크릿특가 매출 | D57: 시크릿특가 비중 | E57: 시크릿링크 광고비 | F57: 메타 보고 매출 | G57: 보고 ROAS | H57: 시크릿특가 실매출 ROAS
A58: 아넬라 | B58: ='자사몰_매출'!F7 | C58: ='자사몰_매출'!G7 | D58: ='자사몰_매출'!H7 | E58: ='자사몰_매출'!B15 | F58: ='자사몰_매출'!C15 | G58: ='자사몰_매출'!F15 | H58: ='자사몰_매출'!G15
A59: 로지오가닉 | B59: ='자사몰_매출'!F8 | C59: ='자사몰_매출'!G8 | D59: ='자사몰_매출'!H8 | E59: ='자사몰_매출'!B16 | F59: ='자사몰_매출'!C16 | G59: ='자사몰_매출'!F16 | H59: ='자사몰_매출'!G16
A60: 자사몰 매출은 파일의 판매합계 기준(만원)입니다. 파일에 기간이 없어 10월 전체로 보았고, 10/28까지인지 확인이 필요합니다. 아넬라·로지 전품목 맛보기팩(공통)은 브랜드별 합계에서 제외했습니다.

Sheet 10월_실적
A1: 10월 광고 실적 (10/1~10/28) 및 목표 대비 달성률
A2: 금액 단위 만원(별도 표기 제외). 10월 목표는 별도로 세워진 것이 없어, 4분기 KPI 보고안의 ROAS 하한과 10월 광고예산을 적용한 소급 기준입니다.
A4: 아넬라
A5: 매체 | B5: 10월 월예산 | C5: 일할 예산 | D5: 광고비 | E5: 일할 대비 소진율 | F5: 노출 | G5: 클릭 | H5: CTR | I5: CPC(원) | J5: 구매(건) | K5: CVR | L5: 매출 | M5: ROAS | N5: CPA(원) | O5: 광고비 비중 | P5: 매출 비중
A6: 파워링크 | B6: =SUMIFS('가정'!$C$16:$C$27,'가정'!$A$16:$A$27,$A$4,'가정'!$B$16:$B$27,$A6) | C6: =B6*'가정'!$B$7/'가정'!$B$8 | D6: =SUMIFS('데이터_광고'!$E$2:$E$500,'데이터_광고'!$A$2:$A$500,$A$4,'데이터_광고'!$B$2:$B$500,$A6)/10000 | E6: =IF(C6=0,0,D6/C6) | F6: =SUMIFS('데이터_광고'!$F$2:$F$500,'데이터_광고'!$A$2:$A$500,$A$4,'데이터_광고'!$B$2:$B$500,$A6) | G6: =SUMIFS('데이터_광고'!$G$2:$G$500,'데이터_광고'!$A$2:$A$500,$A$4,'데이터_광고'!$B$2:$B$500,$A6) | H6: =IF(F6=0,0,G6/F6) | I6: =IF(G6=0,0,D6*10000/G6) | J6: =SUMIFS('데이터_광고'!$H$2:$H$500,'데이터_광고'!$A$2:$A$500,$A$4,'데이터_광고'!$B$2:$B$500,$A6) | K6: =IF(G6=0,0,J6/G6) | L6: =SUMIFS('데이터_광고'!$I$2:$I$500,'데이터_광고'!$A$2:$A$500,$A$4,'데이터_광고'!$B$2:$B$500,$A6)/10000 | M6: =IF(D6=0,0,L6/D6) | N6: =IF(J6=0,0,D6*10000/J6) | O6: =IF(D$13=0,0,D6/D$13) | P6: =IF(L$13=0,0,L6/L$13)
A7: 쇼핑검색 | B7: =SUMIFS('가정'!$C$16:$C$27,'가정'!$A$16:$A$27,$A$4,'가정'!$B$16:$B$27,$A7) | C7: =B7*'가정'!$B$7/'가정'!$B$8 | D7: =SUMIFS('데이터_광고'!$E$2:$E$500,'데이터_광고'!$A$2:$A$500,$A$4,'데이터_광고'!$B$2:$B$500,$A7)/10000 | E7: =IF(C7=0,0,D7/C7) | F7: =SUMIFS('데이터_광고'!$F$2:$F$500,'데이터_광고'!$A$2:$A$500,$A$4,'데이터_광고'!$B$2:$B$500,$A7) | G7: =SUMIFS('데이터_광고'!$G$2:$G$500,'데이터_광고'!$A$2:$A$500,$A$4,'데이터_광고'!$B$2:$B$500,$A7) | H7: =IF(F7=0,0,G7/F7) | I7: =IF(G7=0,0,D7*10000/G7) | J7: =SUMIFS('데이터_광고'!$H$2:$H$500,'데이터_광고'!$A$2:$A$500,$A$4,'데이터_광고'!$B$2:$B$500,$A7) | K7: =IF(G7=0,0,J7/G7) | L7: =SUMIFS('데이터_광고'!$I$2:$I$500,'데이터_광고'!$A$2:$A$500,$A$4,'데이터_광고'!$B$2:$B$500,$A7)/10000 | M7: =IF(D7=0,0,L7/D7) | N7: =IF(J7=0,0,D7*10000/J7) | O7: =IF(D$13=0,0,D7/D$13) | P7: =IF(L$13=0,0,L7/L$13)
A8: 브랜드검색 | B8: ='가정'!$B$38*'가정'!$B$8/10000 | C8: =B8*'가정'!$B$7/'가정'!$B$8 | D8: =SUMIFS('데이터_광고'!$E$2:$E$500,'데이터_광고'!$A$2:$A$500,$A$4,'데이터_광고'!$B$2:$B$500,$A8)/10000 | E8: =IF(C8=0,0,D8/C8) | F8: =SUMIFS('데이터_광고'!$F$2:$F$500,'데이터_광고'!$A$2:$A$500,$A$4,'데이터_광고'!$B$2:$B$500,$A8) | G8: =SUMIFS('데이터_광고'!$G$2:$G$500,'데이터_광고'!$A$2:$A$500,$A$4,'데이터_광고'!$B$2:$B$500,$A8) | H8: =IF(F8=0,0,G8/F8) | I8: =IF(G8=0,0,D8*10000/G8) | J8: =SUMIFS('데이터_광고'!$H$2:$H$500,'데이터_광고'!$A$2:$A$500,$A$4,'데이터_광고'!$B$2:$B$500,$A8) | K8: =IF(G8=0,0,J8/G8) | L8: =SUMIFS('데이터_광고'!$I$2:$I$500,'데이터_광고'!$A$2:$A$500,$A$4,'데이터_광고'!$B$2:$B$500,$A8)/10000 | M8: =IF(D8=0,0,L8/D8) | N8: =IF(J8=0,0,D8*10000/J8) | O8: =IF(D$13=0,0,D8/D$13) | P8: =IF(L$13=0,0,L8/L$13)
A9: GFA 카탈로그 | B9: =SUMIFS('가정'!$C$16:$C$27,'가정'!$A$16:$A$27,$A$4,'가정'!$B$16:$B$27,$A9) | C9: =B9*'가정'!$B$7/'가정'!$B$8 | D9: =SUMIFS('데이터_광고'!$E$2:$E$500,'데이터_광고'!$A$2:$A$500,$A$4,'데이터_광고'!$B$2:$B$500,$A9)/10000 | E9: =IF(C9=0,0,D9/C9) | F9: =SUMIFS('데이터_광고'!$F$2:$F$500,'데이터_광고'!$A$2:$A$500,$A$4,'데이터_광고'!$B$2:$B$500,$A9) | G9: =SUMIFS('데이터_광고'!$G$2:$G$500,'데이터_광고'!$A$2:$A$500,$A$4,'데이터_광고'!$B$2:$B$500,$A9) | H9: =IF(F9=0,0,G9/F9) | I9: =IF(G9=0,0,D9*10000/G9) | J9: =SUMIFS('데이터_광고'!$H$2:$H$500,'데이터_광고'!$A$2:$A$500,$A$4,'데이터_광고'!$B$2:$B$500,$A9) | K9: =IF(G9=0,0,J9/G9) | L9: =SUMIFS('데이터_광고'!$I$2:$I$500,'데이터_광고'!$A$2:$A$500,$A$4,'데이터_광고'!$B$2:$B$500,$A9)/10000 | M9: =IF(D9=0,0,L9/D9) | N9: =IF(J9=0,0,D9*10000/J9) | O9: =IF(D$13=0,0,D9/D$13) | P9: =IF(L$13=0,0,L9/L$13)
A10: GFA 전환 | B10: =SUMIFS('가정'!$C$16:$C$27,'가정'!$A$16:$A$27,$A$4,'가정'!$B$16:$B$27,$A10) | C10: =B10*'가정'!$B$7/'가정'!$B$8 | D10: =SUMIFS('데이터_광고'!$E$2:$E$500,'데이터_광고'!$A$2:$A$500,$A$4,'데이터_광고'!$B$2:$B$500,$A10)/10000 | E10: =IF(C10=0,0,D10/C10) | F10: =SUMIFS('데이터_광고'!$F$2:$F$500,'데이터_광고'!$A$2:$A$500,$A$4,'데이터_광고'!$B$2:$B$500,$A10) | G10: =SUMIFS('데이터_광고'!$G$2:$G$500,'데이터_광고'!$A$2:$A$500,$A$4,'데이터_광고'!$B$2:$B$500,$A10) | H10: =IF(F10=0,0,G10/F10) | I10: =IF(G10=0,0,D10*10000/G10) | J10: =SUMIFS('데이터_광고'!$H$2:$H$500,'데이터_광고'!$A$2:$A$500,$A$4,'데이터_광고'!$B$2:$B$500,$A10) | K10: =IF(G10=0,0,J10/G10) | L10: =SUMIFS('데이터_광고'!$I$2:$I$500,'데이터_광고'!$A$2:$A$500,$A$4,'데이터_광고'!$B$2:$B$500,$A10)/10000 | M10: =IF(D10=0,0,L10/D10) | N10: =IF(J10=0,0,D10*10000/J10) | O10: =IF(D$13=0,0,D10/D$13) | P10: =IF(L$13=0,0,L10/L$13)
A11: 메타 스스 | B11: =SUMIFS('가정'!$C$16:$C$27,'가정'!$A$16:$A$27,$A$4,'가정'!$B$16:$B$27,$A11) | C11: =B11*'가정'!$B$7/'가정'!$B$8 | D11: =SUMIFS('데이터_광고'!$E$2:$E$500,'데이터_광고'!$A$2:$A$500,$A$4,'데이터_광고'!$B$2:$B$500,$A11)/10000 | E11: =IF(C11=0,0,D11/C11) | F11: =SUMIFS('데이터_광고'!$F$2:$F$500,'데이터_광고'!$A$2:$A$500,$A$4,'데이터_광고'!$B$2:$B$500,$A11) | G11: =SUMIFS('데이터_광고'!$G$2:$G$500,'데이터_광고'!$A$2:$A$500,$A$4,'데이터_광고'!$B$2:$B$500,$A11) | H11: =IF(F11=0,0,G11/F11) | I11: =IF(G11=0,0,D11*10000/G11) | J11: =SUMIFS('데이터_광고'!$H$2:$H$500,'데이터_광고'!$A$2:$A$500,$A$4,'데이터_광고'!$B$2:$B$500,$A11) | K11: =IF(G11=0,0,J11/G11) | L11: =SUMIFS('데이터_광고'!$I$2:$I$500,'데이터_광고'!$A$2:$A$500,$A$4,'데이터_광고'!$B$2:$B$500,$A11)/10000 | M11: =IF(D11=0,0,L11/D11) | N11: =IF(J11=0,0,D11*10000/J11) | O11: =IF(D$13=0,0,D11/D$13) | P11: =IF(L$13=0,0,L11/L$13)
A12: 메타 자사몰 | B12: =SUMIFS('가정'!$C$16:$C$27,'가정'!$A$16:$A$27,$A$4,'가정'!$B$16:$B$27,$A12) | C12: =B12*'가정'!$B$7/'가정'!$B$8 | D12: =SUMIFS('데이터_광고'!$E$2:$E$500,'데이터_광고'!$A$2:$A$500,$A$4,'데이터_광고'!$B$2:$B$500,$A12)/10000 | E12: =IF(C12=0,0,D12/C12) | F12: =SUMIFS('데이터_광고'!$F$2:$F$500,'데이터_광고'!$A$2:$A$500,$A$4,'데이터_광고'!$B$2:$B$500,$A12) | G12: =SUMIFS('데이터_광고'!$G$2:$G$500,'데이터_광고'!$A$2:$A$500,$A$4,'데이터_광고'!$B$2:$B$500,$A12) | H12: =IF(F12=0,0,G12/F12) | I12: =IF(G12=0,0,D12*10000/G12) | J12: =SUMIFS('데이터_광고'!$H$2:$H$500,'데이터_광고'!$A$2:$A$500,$A$4,'데이터_광고'!$B$2:$B$500,$A12) | K12: =IF(G12=0,0,J12/G12) | L12: =SUMIFS('데이터_광고'!$I$2:$I$500,'데이터_광고'!$A$2:$A$500,$A$4,'데이터_광고'!$B$2:$B$500,$A12)/10000 | M12: =IF(D12=0,0,L12/D12) | N12: =IF(J12=0,0,D12*10000/J12) | O12: =IF(D$13=0,0,D12/D$13) | P12: =IF(L$13=0,0,L12/L$13)
A13: 아넬라 합계 | B13: =SUM(B6:B12) | C13: =SUM(C6:C12) | D13: =SUM(D6:D12) | E13: =IF(C13=0,0,D13/C13) | F13: =SUM(F6:F12) | G13: =SUM(G6:G12) | H13: =IF(F13=0,0,G13/F13) | I13: =IF(G13=0,0,D13*10000/G13) | J13: =SUM(J6:J12) | K13: =IF(G13=0,0,J13/G13) | L13: =SUM(L6:L12) | M13: =IF(D13=0,0,L13/D13) | N13: =IF(J13=0,0,D13*10000/J13) | O13: =IF(D$13=0,0,D13/D$13) | P13: =IF(L$13=0,0,L13/L$13)
A16: 로지오가닉
A17: 매체 | B17: 10월 월예산 | C17: 일할 예산 | D17: 광고비 | E17: 일할 대비 소진율 | F17: 노출 | G17: 클릭 | H17: CTR | I17: CPC(원) | J17: 구매(건) | K17: CVR | L17: 매출 | M17: ROAS | N17: CPA(원) | O17: 광고비 비중 | P17: 매출 비중
A18: 파워링크 | B18: =SUMIFS('가정'!$C$16:$C$27,'가정'!$A$16:$A$27,$A$16,'가정'!$B$16:$B$27,$A18) | C18: =B18*'가정'!$B$7/'가정'!$B$8 | D18: =SUMIFS('데이터_광고'!$E$2:$E$500,'데이터_광고'!$A$2:$A$500,$A$16,'데이터_광고'!$B$2:$B$500,$A18)/10000 | E18: =IF(C18=0,0,D18/C18) | F18: =SUMIFS('데이터_광고'!$F$2:$F$500,'데이터_광고'!$A$2:$A$500,$A$16,'데이터_광고'!$B$2:$B$500,$A18) | G18: =SUMIFS('데이터_광고'!$G$2:$G$500,'데이터_광고'!$A$2:$A$500,$A$16,'데이터_광고'!$B$2:$B$500,$A18) | H18: =IF(F18=0,0,G18/F18) | I18: =IF(G18=0,0,D18*10000/G18) | J18: =SUMIFS('데이터_광고'!$H$2:$H$500,'데이터_광고'!$A$2:$A$500,$A$16,'데이터_광고'!$B$2:$B$500,$A18) | K18: =IF(G18=0,0,J18/G18) | L18: =SUMIFS('데이터_광고'!$I$2:$I$500,'데이터_광고'!$A$2:$A$500,$A$16,'데이터_광고'!$B$2:$B$500,$A18)/10000 | M18: =IF(D18=0,0,L18/D18) | N18: =IF(J18=0,0,D18*10000/J18) | O18: =IF(D$25=0,0,D18/D$25) | P18: =IF(L$25=0,0,L18/L$25)
A19: 쇼핑검색 | B19: =SUMIFS('가정'!$C$16:$C$27,'가정'!$A$16:$A$27,$A$16,'가정'!$B$16:$B$27,$A19) | C19: =B19*'가정'!$B$7/'가정'!$B$8 | D19: =SUMIFS('데이터_광고'!$E$2:$E$500,'데이터_광고'!$A$2:$A$500,$A$16,'데이터_광고'!$B$2:$B$500,$A19)/10000 | E19: =IF(C19=0,0,D19/C19) | F19: =SUMIFS('데이터_광고'!$F$2:$F$500,'데이터_광고'!$A$2:$A$500,$A$16,'데이터_광고'!$B$2:$B$500,$A19) | G19: =SUMIFS('데이터_광고'!$G$2:$G$500,'데이터_광고'!$A$2:$A$500,$A$16,'데이터_광고'!$B$2:$B$500,$A19) | H19: =IF(F19=0,0,G19/F19) | I19: =IF(G19=0,0,D19*10000/G19) | J19: =SUMIFS('데이터_광고'!$H$2:$H$500,'데이터_광고'!$A$2:$A$500,$A$16,'데이터_광고'!$B$2:$B$500,$A19) | K19: =IF(G19=0,0,J19/G19) | L19: =SUMIFS('데이터_광고'!$I$2:$I$500,'데이터_광고'!$A$2:$A$500,$A$16,'데이터_광고'!$B$2:$B$500,$A19)/10000 | M19: =IF(D19=0,0,L19/D19) | N19: =IF(J19=0,0,D19*10000/J19) | O19: =IF(D$25=0,0,D19/D$25) | P19: =IF(L$25=0,0,L19/L$25)
A20: 브랜드검색 | B20: ='가정'!$B$38*'가정'!$B$8/10000 | C20: =B20*'가정'!$B$7/'가정'!$B$8 | D20: =SUMIFS('데이터_광고'!$E$2:$E$500,'데이터_광고'!$A$2:$A$500,$A$16,'데이터_광고'!$B$2:$B$500,$A20)/10000 | E20: =IF(C20=0,0,D20/C20) | F20: =SUMIFS('데이터_광고'!$F$2:$F$500,'데이터_광고'!$A$2:$A$500,$A$16,'데이터_광고'!$B$2:$B$500,$A20) | G20: =SUMIFS('데이터_광고'!$G$2:$G$500,'데이터_광고'!$A$2:$A$500,$A$16,'데이터_광고'!$B$2:$B$500,$A20) | H20: =IF(F20=0,0,G20/F20) | I20: =IF(G20=0,0,D20*10000/G20) | J20: =SUMIFS('데이터_광고'!$H$2:$H$500,'데이터_광고'!$A$2:$A$500,$A$16,'데이터_광고'!$B$2:$B$500,$A20) | K20: =IF(G20=0,0,J20/G20) | L20: =SUMIFS('데이터_광고'!$I$2:$I$500,'데이터_광고'!$A$2:$A$500,$A$16,'데이터_광고'!$B$2:$B$500,$A20)/10000 | M20: =IF(D20=0,0,L20/D20) | N20: =IF(J20=0,0,D20*10000/J20) | O20: =IF(D$25=0,0,D20/D$25) | P20: =IF(L$25=0,0,L20/L$25)
A21: GFA 카탈로그 | B21: =SUMIFS('가정'!$C$16:$C$27,'가정'!$A$16:$A$27,$A$16,'가정'!$B$16:$B$27,$A21) | C21: =B21*'가정'!$B$7/'가정'!$B$8 | D21: =SUMIFS('데이터_광고'!$E$2:$E$500,'데이터_광고'!$A$2:$A$500,$A$16,'데이터_광고'!$B$2:$B$500,$A21)/10000 | E21: =IF(C21=0,0,D21/C21) | F21: =SUMIFS('데이터_광고'!$F$2:$F$500,'데이터_광고'!$A$2:$A$500,$A$16,'데이터_광고'!$B$2:$B$500,$A21) | G21: =SUMIFS('데이터_광고'!$G$2:$G$500,'데이터_광고'!$A$2:$A$500,$A$16,'데이터_광고'!$B$2:$B$500,$A21) | H21: =IF(F21=0,0,G21/F21) | I21: =IF(G21=0,0,D21*10000/G21) | J21: =SUMIFS('데이터_광고'!$H$2:$H$500,'데이터_광고'!$A$2:$A$500,$A$16,'데이터_광고'!$B$2:$B$500,$A21) | K21: =IF(G21=0,0,J21/G21) | L21: =SUMIFS('데이터_광고'!$I$2:$I$500,'데이터_광고'!$A$2:$A$500,$A$16,'데이터_광고'!$B$2:$B$500,$A21)/10000 | M21: =IF(D21=0,0,L21/D21) | N21: =IF(J21=0,0,D21*10000/J21) | O21: =IF(D$25=0,0,D21/D$25) | P21: =IF(L$25=0,0,L21/L$25)
A22: GFA 전환 | B22: =SUMIFS('가정'!$C$16:$C$27,'가정'!$A$16:$A$27,$A$16,'가정'!$B$16:$B$27,$A22) | C22: =B22*'가정'!$B$7/'가정'!$B$8 | D22: =SUMIFS('데이터_광고'!$E$2:$E$500,'데이터_광고'!$A$2:$A$500,$A$16,'데이터_광고'!$B$2:$B$500,$A22)/10000 | E22: =IF(C22=0,0,D22/C22) | F22: =SUMIFS('데이터_광고'!$F$2:$F$500,'데이터_광고'!$A$2:$A$500,$A$16,'데이터_광고'!$B$2:$B$500,$A22) | G22: =SUMIFS('데이터_광고'!$G$2:$G$500,'데이터_광고'!$A$2:$A$500,$A$16,'데이터_광고'!$B$2:$B$500,$A22) | H22: =IF(F22=0,0,G22/F22) | I22: =IF(G22=0,0,D22*10000/G22) | J22: =SUMIFS('데이터_광고'!$H$2:$H$500,'데이터_광고'!$A$2:$A$500,$A$16,'데이터_광고'!$B$2:$B$500,$A22) | K22: =IF(G22=0,0,J22/G22) | L22: =SUMIFS('데이터_광고'!$I$2:$I$500,'데이터_광고'!$A$2:$A$500,$A$16,'데이터_광고'!$B$2:$B$500,$A22)/10000 | M22: =IF(D22=0,0,L22/D22) | N22: =IF(J22=0,0,D22*10000/J22) | O22: =IF(D$25=0,0,D22/D$25) | P22: =IF(L$25=0,0,L22/L$25)
A23: 메타 스스 | B23: =SUMIFS('가정'!$C$16:$C$27,'가정'!$A$16:$A$27,$A$16,'가정'!$B$16:$B$27,$A23) | C23: =B23*'가정'!$B$7/'가정'!$B$8 | D23: =SUMIFS('데이터_광고'!$E$2:$E$500,'데이터_광고'!$A$2:$A$500,$A$16,'데이터_광고'!$B$2:$B$500,$A23)/10000 | E23: =IF(C23=0,0,D23/C23) | F23: =SUMIFS('데이터_광고'!$F$2:$F$500,'데이터_광고'!$A$2:$A$500,$A$16,'데이터_광고'!$B$2:$B$500,$A23) | G23: =SUMIFS('데이터_광고'!$G$2:$G$500,'데이터_광고'!$A$2:$A$500,$A$16,'데이터_광고'!$B$2:$B$500,$A23) | H23: =IF(F23=0,0,G23/F23) | I23: =IF(G23=0,0,D23*10000/G23) | J23: =SUMIFS('데이터_광고'!$H$2:$H$500,'데이터_광고'!$A$2:$A$500,$A$16,'데이터_광고'!$B$2:$B$500,$A23) | K23: =IF(G23=0,0,J23/G23) | L23: =SUMIFS('데이터_광고'!$I$2:$I$500,'데이터_광고'!$A$2:$A$500,$A$16,'데이터_광고'!$B$2:$B$500,$A23)/10000 | M23: =IF(D23=0,0,L23/D23) | N23: =IF(J23=0,0,D23*10000/J23) | O23: =IF(D$25=0,0,D23/D$25) | P23: =IF(L$25=0,0,L23/L$25)
A24: 메타 자사몰 | B24: =SUMIFS('가정'!$C$16:$C$27,'가정'!$A$16:$A$27,$A$16,'가정'!$B$16:$B$27,$A24) | C24: =B24*'가정'!$B$7/'가정'!$B$8 | D24: =SUMIFS('데이터_광고'!$E$2:$E$500,'데이터_광고'!$A$2:$A$500,$A$16,'데이터_광고'!$B$2:$B$500,$A24)/10000 | E24: =IF(C24=0,0,D24/C24) | F24: =SUMIFS('데이터_광고'!$F$2:$F$500,'데이터_광고'!$A$2:$A$500,$A$16,'데이터_광고'!$B$2:$B$500,$A24) | G24: =SUMIFS('데이터_광고'!$G$2:$G$500,'데이터_광고'!$A$2:$A$500,$A$16,'데이터_광고'!$B$2:$B$500,$A24) | H24: =IF(F24=0,0,G24/F24) | I24: =IF(G24=0,0,D24*10000/G24) | J24: =SUMIFS('데이터_광고'!$H$2:$H$500,'데이터_광고'!$A$2:$A$500,$A$16,'데이터_광고'!$B$2:$B$500,$A24) | K24: =IF(G24=0,0,J24/G24) | L24: =SUMIFS('데이터_광고'!$I$2:$I$500,'데이터_광고'!$A$2:$A$500,$A$16,'데이터_광고'!$B$2:$B$500,$A24)/10000 | M24: =IF(D24=0,0,L24/D24) | N24: =IF(J24=0,0,D24*10000/J24) | O24: =IF(D$25=0,0,D24/D$25) | P24: =IF(L$25=0,0,L24/L$25)
A25: 로지오가닉 합계 | B25: =SUM(B18:B24) | C25: =SUM(C18:C24) | D25: =SUM(D18:D24) | E25: =IF(C25=0,0,D25/C25) | F25: =SUM(F18:F24) | G25: =SUM(G18:G24) | H25: =IF(F25=0,0,G25/F25) | I25: =IF(G25=0,0,D25*10000/G25) | J25: =SUM(J18:J24) | K25: =IF(G25=0,0,J25/G25) | L25: =SUM(L18:L24) | M25: =IF(D25=0,0,L25/D25) | N25: =IF(J25=0,0,D25*10000/J25) | O25: =IF(D$25=0,0,D25/D$25) | P25: =IF(L$25=0,0,L25/L$25)
A27: 브랜드검색은 월 정액을 일할 안분한 값이고, 예산표(네이버 VAT 미포함)에는 포함돼 있지 않습니다. 합계 광고비·ROAS는 브랜드검색 정액을 포함한 값으로 주간·월간 리포트와 같은 기준입니다.
A29: ① 10월 목표(소급) 대비 28일 누계 실적
A30: 브랜드 | B30: 월 광고비 계획 | C30: KPI ROAS 하한 | D30: 목표 매출 (계획×하한) | E30: 28일 광고비 | F30: 28일 매출 | G30: 28일 ROAS | H30: ROAS 달성률 | I30: 판정
A31: 아넬라 | B31: =B13 | C31: ='가정'!B42 | D31: =B31*C31 | E31: =D13 | F31: =L13 | G31: =IF(E31=0,0,F31/E31) | H31: =IF(C31=0,0,G31/C31) | I31: =IF(H31>=1,"달성",IF(H31>='가정'!$B$12,"근접","미달"))
A32: 로지오가닉 | B32: =B25 | C32: ='가정'!C42 | D32: =B32*C32 | E32: =D25 | F32: =L25 | G32: =IF(E32=0,0,F32/E32) | H32: =IF(C32=0,0,G32/C32) | I32: =IF(H32>=1,"달성",IF(H32>='가정'!$B$12,"근접","미달"))
A33: 합계 | B33: =B31+B32 | C33: =IF(B33=0,0,D33/B33) | D33: =D31+D32 | E33: =E31+E32 | F33: =F31+F32 | G33: =IF(E33=0,0,F33/E33) | H33: =IF(C33=0,0,G33/C33) | I33: =IF(H33>=1,"달성",IF(H33>='가정'!$B$12,"근접","미달"))
A34: 월 광고비 계획 = 10월 예산 합계 + 브랜드검색 정액(31일분). 합계 행의 ROAS 하한은 브랜드별 목표 매출을 계획 광고비로 가중한 값입니다.
A36: ② 월말 예상 (10/29~31은 10/26~28 일평균이 이어진다고 가정)
A37: 브랜드 | B37: 월말 예상 광고비 | C37: 월말 예상 매출 | D37: 예상 ROAS | E37: 예상 ROAS 달성률 | F37: 예상 매출 ÷ 목표 매출 | G37: 예산 소진율 (예상 광고비÷계획) | H37: 월말 예상 구매(건) | I37: KPI 광고 기준 목표 주문(건) | J37: 주문 달성률 | K37: 판정 (예상 ROAS 기준)
A38: 아넬라 | B38: =E31+'주차별_추이'!F15*'가정'!$B$9/10000 | C38: =F31+'주차별_추이'!F16*'가정'!$B$9/10000 | D38: =IF(B38=0,0,C38/B38) | E38: =IF(C31=0,0,D38/C31) | F38: =IF(D31=0,0,C38/D31) | G38: =IF(B31=0,0,B38/B31) | H38: =J13+'주차별_추이'!F12/'주차별_추이'!F8*'가정'!$B$9 | I38: ='가정'!B43 | J38: =IF(I38=0,0,H38/I38) | K38: =IF(E38>=1,"달성",IF(E38>='가정'!$B$12,"근접","미달"))
A39: 로지오가닉 | B39: =E32+'주차별_추이'!F36*'가정'!$B$9/10000 | C39: =F32+'주차별_추이'!F37*'가정'!$B$9/10000 | D39: =IF(B39=0,0,C39/B39) | E39: =IF(C32=0,0,D39/C32) | F39: =IF(D32=0,0,C39/D32) | G39: =IF(B32=0,0,B39/B32) | H39: =J25+'주차별_추이'!F33/'주차별_추이'!F29*'가정'!$B$9 | I39: ='가정'!C43 | J39: =IF(I39=0,0,H39/I39) | K39: =IF(E39>=1,"달성",IF(E39>='가정'!$B$12,"근접","미달"))
A40: 합계 | B40: =B38+B39 | C40: =C38+C39 | D40: =IF(B40=0,0,C40/B40) | E40: =IF(C33=0,0,D40/C33) | F40: =IF(D33=0,0,C40/D33) | G40: =IF(B33=0,0,B40/B33) | H40: =H38+H39 | I40: =I38+I39 | J40: =IF(I40=0,0,H40/I40) | K40: =IF(E40>=1,"달성",IF(E40>='가정'!$B$12,"근접","미달"))
A41: 월말 예상 광고비·매출 = 28일 누계 + 10/26~28 일평균 × 잔여일수. 10/26~28이 넾다세일 구간이라 상시 구간보다 높게 잡힐 수 있습니다. KPI 목표 주문은 4분기 KPI 보고안의 월 환산값입니다.
A43: ③ 로지오가닉 메타 스스 이상치(10/24~25) 제외 시 (점검 시트 참조)
A44: 구분 | B44: 28일 광고비 | C44: 28일 매출 | D44: 28일 ROAS | E44: KPI 하한 대비
A45: 원본 | B45: =E32 | C45: =F32 | D45: =IF(B45=0,0,C45/B45) | E45: =IF(C32=0,0,D45/C32)
A46: 보정 (이상치 이틀 제외) | B46: =E32-'점검'!D14/10000 | C46: =F32-'점검'!E14/10000 | D46: =IF(B46=0,0,C46/B46) | E46: =IF(C32=0,0,D46/C32)

Sheet 예산
A1: 10월·11월 광고 예산 (만원, 네이버 VAT 미포함)
A2: 예산은 가정 시트의 입력값을 참조합니다. 12월은 11월 유지 가정입니다. 10월 집행은 10/1~10/28(28일) 광고비이고, 일할 대비 소진율은 10월 예산을 28/31로 환산한 값 대비입니다.
A4: 아넬라
A5: 매체 | B5: 10월 예산 | C5: 11월 예산 | D5: 증감 | E5: 증감률 | F5: 12월 (11월 유지) | G5: 10월 집행 (28일) | H5: 일할 대비 소진율 | I5: 변경 사유 · 운영 메모
A6: 파워링크 | B6: =SUMIFS('가정'!$C$16:$C$27,'가정'!$A$16:$A$27,$A$4,'가정'!$B$16:$B$27,$A6) | C6: =SUMIFS('가정'!$D$16:$D$27,'가정'!$A$16:$A$27,$A$4,'가정'!$B$16:$B$27,$A6) | D6: =C6-B6 | E6: =IF(B6=0,0,C6/B6-1) | F6: =SUMIFS('가정'!$E$16:$E$27,'가정'!$A$16:$A$27,$A$4,'가정'!$B$16:$B$27,$A6) | G6: ='10월_실적'!D6 | H6: =IF(B6=0,0,G6/(B6*'가정'!$B$7/'가정'!$B$8)) | I6: 변동 없음. 10/14 노출 시간 제한 유지(노출 제외 0~3시, 17~24시), 10/21 저효율 키워드 일예산 감액.
A7: 쇼핑검색 | B7: =SUMIFS('가정'!$C$16:$C$27,'가정'!$A$16:$A$27,$A$4,'가정'!$B$16:$B$27,$A7) | C7: =SUMIFS('가정'!$D$16:$D$27,'가정'!$A$16:$A$27,$A$4,'가정'!$B$16:$B$27,$A7) | D7: =C7-B7 | E7: =IF(B7=0,0,C7/B7-1) | F7: =SUMIFS('가정'!$E$16:$E$27,'가정'!$A$16:$A$27,$A$4,'가정'!$B$16:$B$27,$A7) | G7: ='10월_실적'!D7 | H7: =IF(B7=0,0,G7/(B7*'가정'!$B$7/'가정'!$B$8)) | I7: 변동 없음. 10/26 넾다세일부터 24시간 균등 노출로 원복.
A8: GFA 카탈로그 | B8: =SUMIFS('가정'!$C$16:$C$27,'가정'!$A$16:$A$27,$A$4,'가정'!$B$16:$B$27,$A8) | C8: =SUMIFS('가정'!$D$16:$D$27,'가정'!$A$16:$A$27,$A$4,'가정'!$B$16:$B$27,$A8) | D8: =C8-B8 | E8: =IF(B8=0,0,C8/B8-1) | F8: =SUMIFS('가정'!$E$16:$E$27,'가정'!$A$16:$A$27,$A$4,'가정'!$B$16:$B$27,$A8) | G8: ='10월_실적'!D9 | H8: =IF(B8=0,0,G8/(B8*'가정'!$B$7/'가정'!$B$8)) | I8: 변동 없음.
A9: GFA 전환 | B9: =SUMIFS('가정'!$C$16:$C$27,'가정'!$A$16:$A$27,$A$4,'가정'!$B$16:$B$27,$A9) | C9: =SUMIFS('가정'!$D$16:$D$27,'가정'!$A$16:$A$27,$A$4,'가정'!$B$16:$B$27,$A9) | D9: =C9-B9 | E9: =IF(B9=0,0,C9/B9-1) | F9: =SUMIFS('가정'!$E$16:$E$27,'가정'!$A$16:$A$27,$A$4,'가정'!$B$16:$B$27,$A9) | G9: ='10월_실적'!D10 | H9: =IF(B9=0,0,G9/(B9*'가정'!$B$7/'가정'!$B$8)) | I9: 250만원에서 150만원으로 감액. 신규 소구점 5종 테스트가 소재 검토로 HOLD 중.
A10: 메타 스스 | B10: =SUMIFS('가정'!$C$16:$C$27,'가정'!$A$16:$A$27,$A$4,'가정'!$B$16:$B$27,$A10) | C10: =SUMIFS('가정'!$D$16:$D$27,'가정'!$A$16:$A$27,$A$4,'가정'!$B$16:$B$27,$A10) | D10: =C10-B10 | E10: =IF(B10=0,0,C10/B10-1) | F10: =SUMIFS('가정'!$E$16:$E$27,'가정'!$A$16:$A$27,$A$4,'가정'!$B$16:$B$27,$A10) | G10: ='10월_실적'!D11 | H10: =IF(B10=0,0,G10/(B10*'가정'!$B$7/'가정'!$B$8)) | I10: 변동 없음. 넾다세일부터 인스타그램 지면 고정, 광고 상품은 영업팀 주력 상품으로 전환.
A11: 메타 자사몰 | B11: =SUMIFS('가정'!$C$16:$C$27,'가정'!$A$16:$A$27,$A$4,'가정'!$B$16:$B$27,$A11) | C11: =SUMIFS('가정'!$D$16:$D$27,'가정'!$A$16:$A$27,$A$4,'가정'!$B$16:$B$27,$A11) | D11: =C11-B11 | E11: =IF(B11=0,0,C11/B11-1) | F11: =SUMIFS('가정'!$E$16:$E$27,'가정'!$A$16:$A$27,$A$4,'가정'!$B$16:$B$27,$A11) | G11: ='10월_실적'!D12 | H11: =IF(B11=0,0,G11/(B11*'가정'!$B$7/'가정'!$B$8)) | I11: 250만원에서 180만원으로 축소. 웰컴박스·기획전 보류.
A12: 아넬라 합계 | B12: =SUM(B6:B11) | C12: =SUM(C6:C11) | D12: =C12-B12 | E12: =IF(B12=0,0,C12/B12-1) | F12: =SUM(F6:F11) | G12: =SUM(G6:G11) | H12: =IF(B12=0,0,G12/(B12*'가정'!$B$7/'가정'!$B$8))
A13: (참고) 브랜드검색 정액 | B13: ='가정'!$B$38*'가정'!$B$8/10000 | C13: ='가정'!$B$38*'가정'!$B$10/10000 | D13: =C13-B13 | F13: ='가정'!$B$38*'가정'!$B$11/10000 | G13: ='10월_실적'!D8 | I13: 예산표에는 포함되지 않는 정액 상품입니다(월 88만원을 일수로 안분).
A15: 로지오가닉
A16: 매체 | B16: 10월 예산 | C16: 11월 예산 | D16: 증감 | E16: 증감률 | F16: 12월 (11월 유지) | G16: 10월 집행 (28일) | H16: 일할 대비 소진율 | I16: 변경 사유 · 운영 메모
A17: 파워링크 | B17: =SUMIFS('가정'!$C$16:$C$27,'가정'!$A$16:$A$27,$A$15,'가정'!$B$16:$B$27,$A17) | C17: =SUMIFS('가정'!$D$16:$D$27,'가정'!$A$16:$A$27,$A$15,'가정'!$B$16:$B$27,$A17) | D17: =C17-B17 | E17: =IF(B17=0,0,C17/B17-1) | F17: =SUMIFS('가정'!$E$16:$E$27,'가정'!$A$16:$A$27,$A$15,'가정'!$B$16:$B$27,$A17) | G17: ='10월_실적'!D18 | H17: =IF(B17=0,0,G17/(B17*'가정'!$B$7/'가정'!$B$8)) | I17: 변동 없음. 10/21 저효율 키워드 일예산 감액.
A18: 쇼핑검색 | B18: =SUMIFS('가정'!$C$16:$C$27,'가정'!$A$16:$A$27,$A$15,'가정'!$B$16:$B$27,$A18) | C18: =SUMIFS('가정'!$D$16:$D$27,'가정'!$A$16:$A$27,$A$15,'가정'!$B$16:$B$27,$A18) | D18: =C18-B18 | E18: =IF(B18=0,0,C18/B18-1) | F18: =SUMIFS('가정'!$E$16:$E$27,'가정'!$A$16:$A$27,$A$15,'가정'!$B$16:$B$27,$A18) | G18: ='10월_실적'!D19 | H18: =IF(B18=0,0,G18/(B18*'가정'!$B$7/'가정'!$B$8)) | I18: 변동 없음. 10/26 무전환 지면 노출 제외.
A19: GFA 카탈로그 | B19: =SUMIFS('가정'!$C$16:$C$27,'가정'!$A$16:$A$27,$A$15,'가정'!$B$16:$B$27,$A19) | C19: =SUMIFS('가정'!$D$16:$D$27,'가정'!$A$16:$A$27,$A$15,'가정'!$B$16:$B$27,$A19) | D19: =C19-B19 | E19: =IF(B19=0,0,C19/B19-1) | F19: =SUMIFS('가정'!$E$16:$E$27,'가정'!$A$16:$A$27,$A$15,'가정'!$B$16:$B$27,$A19) | G19: ='10월_실적'!D21 | H19: =IF(B19=0,0,G19/(B19*'가정'!$B$7/'가정'!$B$8)) | I19: 변동 없음.
A20: GFA 전환 | B20: =SUMIFS('가정'!$C$16:$C$27,'가정'!$A$16:$A$27,$A$15,'가정'!$B$16:$B$27,$A20) | C20: =SUMIFS('가정'!$D$16:$D$27,'가정'!$A$16:$A$27,$A$15,'가정'!$B$16:$B$27,$A20) | D20: =C20-B20 | E20: =IF(B20=0,0,C20/B20-1) | F20: =SUMIFS('가정'!$E$16:$E$27,'가정'!$A$16:$A$27,$A$15,'가정'!$B$16:$B$27,$A20) | G20: ='10월_실적'!D22 | H20: =IF(B20=0,0,G20/(B20*'가정'!$B$7/'가정'!$B$8)) | I20: 11월 신설 20만원, 넾다세일 한정. 12월은 11월 유지 가정이라 같은 값이 들어가 있어 사용처 확정 필요.
A21: 메타 스스 | B21: =SUMIFS('가정'!$C$16:$C$27,'가정'!$A$16:$A$27,$A$15,'가정'!$B$16:$B$27,$A21) | C21: =SUMIFS('가정'!$D$16:$D$27,'가정'!$A$16:$A$27,$A$15,'가정'!$B$16:$B$27,$A21) | D21: =C21-B21 | E21: =IF(B21=0,0,C21/B21-1) | F21: =SUMIFS('가정'!$E$16:$E$27,'가정'!$A$16:$A$27,$A$15,'가정'!$B$16:$B$27,$A21) | G21: ='10월_실적'!D23 | H21: =IF(B21=0,0,G21/(B21*'가정'!$B$7/'가정'!$B$8)) | I21: 250만원에서 215만원으로 약간 감액. 넾다세일 영향.
A22: 메타 자사몰 | B22: =SUMIFS('가정'!$C$16:$C$27,'가정'!$A$16:$A$27,$A$15,'가정'!$B$16:$B$27,$A22) | C22: =SUMIFS('가정'!$D$16:$D$27,'가정'!$A$16:$A$27,$A$15,'가정'!$B$16:$B$27,$A22) | D22: =C22-B22 | E22: =IF(B22=0,0,C22/B22-1) | F22: =SUMIFS('가정'!$E$16:$E$27,'가정'!$A$16:$A$27,$A$15,'가정'!$B$16:$B$27,$A22) | G22: ='10월_실적'!D24 | H22: =IF(B22=0,0,G22/(B22*'가정'!$B$7/'가정'!$B$8)) | I22: 180만원에서 150만원으로 감액. 보리차 시크릿링크 보류.
A23: 로지오가닉 합계 | B23: =SUM(B17:B22) | C23: =SUM(C17:C22) | D23: =C23-B23 | E23: =IF(B23=0,0,C23/B23-1) | F23: =SUM(F17:F22) | G23: =SUM(G17:G22) | H23: =IF(B23=0,0,G23/(B23*'가정'!$B$7/'가정'!$B$8))
A24: (참고) 브랜드검색 정액 | B24: ='가정'!$B$38*'가정'!$B$8/10000 | C24: ='가정'!$B$38*'가정'!$B$10/10000 | D24: =C24-B24 | F24: ='가정'!$B$38*'가정'!$B$11/10000 | G24: ='10월_실적'!D20 | I24: 예산표에는 포함되지 않는 정액 상품입니다(월 88만원을 일수로 안분).
A26: 전체 합계 | B26: =B12+B23 | C26: =C12+C23 | D26: =C26-B26 | E26: =IF(B26=0,0,C26/B26-1) | F26: =F12+F23 | G26: =G12+G23 | H26: =IF(B26=0,0,G26/(B26*'가정'!$B$7/'가정'!$B$8))
A27: 검증: 제시 합계와 차이(0이면 일치) | B27: ='가정'!C34 | C27: ='가정'!D34
A29: 4분기 KPI 보고안 광고예산과 비교 (브랜드검색 정액 포함 기준)
A30: 브랜드 | B30: KPI안 10월 | C30: 실행 10월 | D30: 차이 | F30: KPI안 11월 | G30: 실행 11월 | H30: 차이 | I30: KPI안 12월 / 실행 12월 / 차이
A31: 아넬라 | B31: ='가정'!B44 | C31: =B12+B13 | D31: =C31-B31 | F31: ='가정'!B45 | G31: =C12+C13 | H31: =G31-F31 | I31: =TEXT('가정'!B46,"#,##0")&" / "&TEXT(F12+F13,"#,##0.0")&" / "&TEXT(F12+F13-'가정'!B46,"+#,##0.0;-#,##0.0;0.0")
A32: 로지오가닉 | B32: ='가정'!C44 | C32: =B23+B24 | D32: =C32-B32 | F32: ='가정'!C45 | G32: =C23+C24 | H32: =G32-F32 | I32: =TEXT('가정'!C46,"#,##0")&" / "&TEXT(F23+F24,"#,##0.0")&" / "&TEXT(F23+F24-'가정'!C46,"+#,##0.0;-#,##0.0;0.0")
A33: KPI안의 10월 예산(1,300 / 900)은 실행 예산에 브랜드검색 정액을 더한 값과 거의 일치합니다. 아넬라 11~12월은 KPI안보다 낮고, 로지오가닉은 KPI안보다 높게 편성돼 있습니다.
A35: 운영 메모 (사용자 전달 사항)
A36: · 넾다세일(10/26~11/8, 아넬라·로지 모두)부터 메타는 인스타그램 지면만 고정으로 운영합니다.
A37: · 10월 중순부터 효율이 낮은 키워드·지면은 OFF 또는 감액 중입니다.
A38: · 넾다세일부터 메타 광고 상품은 상시 상품(아넬라 퓨레 6+6, 로지 쌀과자 8봉)이 아니라 영업팀 주력 상품으로 운영합니다.
A39: · 12월 예산은 11월 예산을 유지하는 것으로 보고 있습니다. 블랙프라이데이 등 행사 일정이 정해지면 조정합니다.

Sheet 예산대비_집행
A1: 10월 예산 대비 집행 광고비·매출 (매체별)
A2: 금액은 만원(네이버 VAT 미포함). 집행·매출은 10/1~10/28(28일) 실적이고, 월말 예상은 28일 누계에 10/26~28 일평균 × 잔여일수를 더한 값입니다. 매출은 매체가 보고한 구매 귀속 매출입니다.
A3: 소진 판정 기준 (입력) | B3: 1.05 | C3: 초과 이상 | D3: 0.8 | E3: 미소진 미만 (월말 예상 소진율 기준)
A5: 아넬라
A6: 매체 | B6: 월 예산 | C6: 일할 예산 (28일) | D6: 집행 광고비 | E6: 일할 대비 소진율 | F6: 월 예산 대비 소진율 | G6: 잔여 예산 | H6: 월말 예상 광고비 | I6: 월말 예상 소진율 | J6: 구매 (건) | K6: 매출 | L6: ROAS | M6: 월말 예상 매출 | N6: 예상 매출 ÷ 월 예산 | O6: 소진 판정
A7: 파워링크 | B7: =SUMIFS('가정'!$C$16:$C$27,'가정'!$A$16:$A$27,$A$5,'가정'!$B$16:$B$27,$A7) | C7: =B7*'가정'!$B$7/'가정'!$B$8 | D7: =SUMIFS('데이터_광고'!$E$2:$E$500,'데이터_광고'!$A$2:$A$500,$A$5,'데이터_광고'!$B$2:$B$500,$A7)/10000 | E7: =IF(C7=0,0,D7/C7) | F7: =IF(B7=0,0,D7/B7) | G7: =B7-D7 | H7: =D7+SUMIFS('데이터_광고'!$E$2:$E$500,'데이터_광고'!$A$2:$A$500,$A$5,'데이터_광고'!$B$2:$B$500,$A7,'데이터_광고'!$D$2:$D$500,'가정'!$A$54)/10000/'가정'!$D$54*'가정'!$B$9 | I7: =IF(B7=0,0,H7/B7) | J7: =SUMIFS('데이터_광고'!$H$2:$H$500,'데이터_광고'!$A$2:$A$500,$A$5,'데이터_광고'!$B$2:$B$500,$A7) | K7: =SUMIFS('데이터_광고'!$I$2:$I$500,'데이터_광고'!$A$2:$A$500,$A$5,'데이터_광고'!$B$2:$B$500,$A7)/10000 | L7: =IF(D7=0,0,K7/D7) | M7: =K7+SUMIFS('데이터_광고'!$I$2:$I$500,'데이터_광고'!$A$2:$A$500,$A$5,'데이터_광고'!$B$2:$B$500,$A7,'데이터_광고'!$D$2:$D$500,'가정'!$A$54)/10000/'가정'!$D$54*'가정'!$B$9 | N7: =IF(B7=0,0,M7/B7) | O7: =IF(B7=0,"예산 없음",IF(I7>=$B$3,"초과",IF(I7<$D$3,"미소진","적정")))
A8: 쇼핑검색 | B8: =SUMIFS('가정'!$C$16:$C$27,'가정'!$A$16:$A$27,$A$5,'가정'!$B$16:$B$27,$A8) | C8: =B8*'가정'!$B$7/'가정'!$B$8 | D8: =SUMIFS('데이터_광고'!$E$2:$E$500,'데이터_광고'!$A$2:$A$500,$A$5,'데이터_광고'!$B$2:$B$500,$A8)/10000 | E8: =IF(C8=0,0,D8/C8) | F8: =IF(B8=0,0,D8/B8) | G8: =B8-D8 | H8: =D8+SUMIFS('데이터_광고'!$E$2:$E$500,'데이터_광고'!$A$2:$A$500,$A$5,'데이터_광고'!$B$2:$B$500,$A8,'데이터_광고'!$D$2:$D$500,'가정'!$A$54)/10000/'가정'!$D$54*'가정'!$B$9 | I8: =IF(B8=0,0,H8/B8) | J8: =SUMIFS('데이터_광고'!$H$2:$H$500,'데이터_광고'!$A$2:$A$500,$A$5,'데이터_광고'!$B$2:$B$500,$A8) | K8: =SUMIFS('데이터_광고'!$I$2:$I$500,'데이터_광고'!$A$2:$A$500,$A$5,'데이터_광고'!$B$2:$B$500,$A8)/10000 | L8: =IF(D8=0,0,K8/D8) | M8: =K8+SUMIFS('데이터_광고'!$I$2:$I$500,'데이터_광고'!$A$2:$A$500,$A$5,'데이터_광고'!$B$2:$B$500,$A8,'데이터_광고'!$D$2:$D$500,'가정'!$A$54)/10000/'가정'!$D$54*'가정'!$B$9 | N8: =IF(B8=0,0,M8/B8) | O8: =IF(B8=0,"예산 없음",IF(I8>=$B$3,"초과",IF(I8<$D$3,"미소진","적정")))
A9: GFA 카탈로그 | B9: =SUMIFS('가정'!$C$16:$C$27,'가정'!$A$16:$A$27,$A$5,'가정'!$B$16:$B$27,$A9) | C9: =B9*'가정'!$B$7/'가정'!$B$8 | D9: =SUMIFS('데이터_광고'!$E$2:$E$500,'데이터_광고'!$A$2:$A$500,$A$5,'데이터_광고'!$B$2:$B$500,$A9)/10000 | E9: =IF(C9=0,0,D9/C9) | F9: =IF(B9=0,0,D9/B9) | G9: =B9-D9 | H9: =D9+SUMIFS('데이터_광고'!$E$2:$E$500,'데이터_광고'!$A$2:$A$500,$A$5,'데이터_광고'!$B$2:$B$500,$A9,'데이터_광고'!$D$2:$D$500,'가정'!$A$54)/10000/'가정'!$D$54*'가정'!$B$9 | I9: =IF(B9=0,0,H9/B9) | J9: =SUMIFS('데이터_광고'!$H$2:$H$500,'데이터_광고'!$A$2:$A$500,$A$5,'데이터_광고'!$B$2:$B$500,$A9) | K9: =SUMIFS('데이터_광고'!$I$2:$I$500,'데이터_광고'!$A$2:$A$500,$A$5,'데이터_광고'!$B$2:$B$500,$A9)/10000 | L9: =IF(D9=0,0,K9/D9) | M9: =K9+SUMIFS('데이터_광고'!$I$2:$I$500,'데이터_광고'!$A$2:$A$500,$A$5,'데이터_광고'!$B$2:$B$500,$A9,'데이터_광고'!$D$2:$D$500,'가정'!$A$54)/10000/'가정'!$D$54*'가정'!$B$9 | N9: =IF(B9=0,0,M9/B9) | O9: =IF(B9=0,"예산 없음",IF(I9>=$B$3,"초과",IF(I9<$D$3,"미소진","적정")))
A10: GFA 전환 | B10: =SUMIFS('가정'!$C$16:$C$27,'가정'!$A$16:$A$27,$A$5,'가정'!$B$16:$B$27,$A10) | C10: =B10*'가정'!$B$7/'가정'!$B$8 | D10: =SUMIFS('데이터_광고'!$E$2:$E$500,'데이터_광고'!$A$2:$A$500,$A$5,'데이터_광고'!$B$2:$B$500,$A10)/10000 | E10: =IF(C10=0,0,D10/C10) | F10: =IF(B10=0,0,D10/B10) | G10: =B10-D10 | H10: =D10+SUMIFS('데이터_광고'!$E$2:$E$500,'데이터_광고'!$A$2:$A$500,$A$5,'데이터_광고'!$B$2:$B$500,$A10,'데이터_광고'!$D$2:$D$500,'가정'!$A$54)/10000/'가정'!$D$54*'가정'!$B$9 | I10: =IF(B10=0,0,H10/B10) | J10: =SUMIFS('데이터_광고'!$H$2:$H$500,'데이터_광고'!$A$2:$A$500,$A$5,'데이터_광고'!$B$2:$B$500,$A10) | K10: =SUMIFS('데이터_광고'!$I$2:$I$500,'데이터_광고'!$A$2:$A$500,$A$5,'데이터_광고'!$B$2:$B$500,$A10)/10000 | L10: =IF(D10=0,0,K10/D10) | M10: =K10+SUMIFS('데이터_광고'!$I$2:$I$500,'데이터_광고'!$A$2:$A$500,$A$5,'데이터_광고'!$B$2:$B$500,$A10,'데이터_광고'!$D$2:$D$500,'가정'!$A$54)/10000/'가정'!$D$54*'가정'!$B$9 | N10: =IF(B10=0,0,M10/B10) | O10: =IF(B10=0,"예산 없음",IF(I10>=$B$3,"초과",IF(I10<$D$3,"미소진","적정")))
A11: 메타 스스 | B11: =SUMIFS('가정'!$C$16:$C$27,'가정'!$A$16:$A$27,$A$5,'가정'!$B$16:$B$27,$A11) | C11: =B11*'가정'!$B$7/'가정'!$B$8 | D11: =SUMIFS('데이터_광고'!$E$2:$E$500,'데이터_광고'!$A$2:$A$500,$A$5,'데이터_광고'!$B$2:$B$500,$A11)/10000 | E11: =IF(C11=0,0,D11/C11) | F11: =IF(B11=0,0,D11/B11) | G11: =B11-D11 | H11: =D11+SUMIFS('데이터_광고'!$E$2:$E$500,'데이터_광고'!$A$2:$A$500,$A$5,'데이터_광고'!$B$2:$B$500,$A11,'데이터_광고'!$D$2:$D$500,'가정'!$A$54)/10000/'가정'!$D$54*'가정'!$B$9 | I11: =IF(B11=0,0,H11/B11) | J11: =SUMIFS('데이터_광고'!$H$2:$H$500,'데이터_광고'!$A$2:$A$500,$A$5,'데이터_광고'!$B$2:$B$500,$A11) | K11: =SUMIFS('데이터_광고'!$I$2:$I$500,'데이터_광고'!$A$2:$A$500,$A$5,'데이터_광고'!$B$2:$B$500,$A11)/10000 | L11: =IF(D11=0,0,K11/D11) | M11: =K11+SUMIFS('데이터_광고'!$I$2:$I$500,'데이터_광고'!$A$2:$A$500,$A$5,'데이터_광고'!$B$2:$B$500,$A11,'데이터_광고'!$D$2:$D$500,'가정'!$A$54)/10000/'가정'!$D$54*'가정'!$B$9 | N11: =IF(B11=0,0,M11/B11) | O11: =IF(B11=0,"예산 없음",IF(I11>=$B$3,"초과",IF(I11<$D$3,"미소진","적정")))
A12: 메타 자사몰 | B12: =SUMIFS('가정'!$C$16:$C$27,'가정'!$A$16:$A$27,$A$5,'가정'!$B$16:$B$27,$A12) | C12: =B12*'가정'!$B$7/'가정'!$B$8 | D12: =SUMIFS('데이터_광고'!$E$2:$E$500,'데이터_광고'!$A$2:$A$500,$A$5,'데이터_광고'!$B$2:$B$500,$A12)/10000 | E12: =IF(C12=0,0,D12/C12) | F12: =IF(B12=0,0,D12/B12) | G12: =B12-D12 | H12: =D12+SUMIFS('데이터_광고'!$E$2:$E$500,'데이터_광고'!$A$2:$A$500,$A$5,'데이터_광고'!$B$2:$B$500,$A12,'데이터_광고'!$D$2:$D$500,'가정'!$A$54)/10000/'가정'!$D$54*'가정'!$B$9 | I12: =IF(B12=0,0,H12/B12) | J12: =SUMIFS('데이터_광고'!$H$2:$H$500,'데이터_광고'!$A$2:$A$500,$A$5,'데이터_광고'!$B$2:$B$500,$A12) | K12: =SUMIFS('데이터_광고'!$I$2:$I$500,'데이터_광고'!$A$2:$A$500,$A$5,'데이터_광고'!$B$2:$B$500,$A12)/10000 | L12: =IF(D12=0,0,K12/D12) | M12: =K12+SUMIFS('데이터_광고'!$I$2:$I$500,'데이터_광고'!$A$2:$A$500,$A$5,'데이터_광고'!$B$2:$B$500,$A12,'데이터_광고'!$D$2:$D$500,'가정'!$A$54)/10000/'가정'!$D$54*'가정'!$B$9 | N12: =IF(B12=0,0,M12/B12) | O12: =IF(B12=0,"예산 없음",IF(I12>=$B$3,"초과",IF(I12<$D$3,"미소진","적정")))
A13: 브랜드검색 (정액, 예산표 외) | B13: ='가정'!$B$38*'가정'!$B$8/10000 | C13: =B13*'가정'!$B$7/'가정'!$B$8 | D13: =SUMIFS('데이터_광고'!$E$2:$E$500,'데이터_광고'!$A$2:$A$500,$A$5,'데이터_광고'!$B$2:$B$500,"브랜드검색")/10000 | E13: =IF(C13=0,0,D13/C13) | F13: =IF(B13=0,0,D13/B13) | G13: =B13-D13 | H13: =D13+SUMIFS('데이터_광고'!$E$2:$E$500,'데이터_광고'!$A$2:$A$500,$A$5,'데이터_광고'!$B$2:$B$500,"브랜드검색",'데이터_광고'!$D$2:$D$500,'가정'!$A$54)/10000/'가정'!$D$54*'가정'!$B$9 | I13: =IF(B13=0,0,H13/B13) | J13: =SUMIFS('데이터_광고'!$H$2:$H$500,'데이터_광고'!$A$2:$A$500,$A$5,'데이터_광고'!$B$2:$B$500,"브랜드검색") | K13: =SUMIFS('데이터_광고'!$I$2:$I$500,'데이터_광고'!$A$2:$A$500,$A$5,'데이터_광고'!$B$2:$B$500,"브랜드검색")/10000 | L13: =IF(D13=0,0,K13/D13) | M13: =K13+SUMIFS('데이터_광고'!$I$2:$I$500,'데이터_광고'!$A$2:$A$500,$A$5,'데이터_광고'!$B$2:$B$500,"브랜드검색",'데이터_광고'!$D$2:$D$500,'가정'!$A$54)/10000/'가정'!$D$54*'가정'!$B$9 | N13: =IF(B13=0,0,M13/B13) | O13: =IF(B13=0,"예산 없음",IF(I13>=$B$3,"초과",IF(I13<$D$3,"미소진","적정")))
A14: 아넬라 합계 (예산표 기준, 브랜드검색 제외) | B14: =SUM(B7:B12) | C14: =B14*'가정'!$B$7/'가정'!$B$8 | D14: =SUM(D7:D12) | E14: =IF(C14=0,0,D14/C14) | F14: =IF(B14=0,0,D14/B14) | G14: =B14-D14 | H14: =SUM(H7:H12) | I14: =IF(B14=0,0,H14/B14) | J14: =SUM(J7:J12) | K14: =SUM(K7:K12) | L14: =IF(D14=0,0,K14/D14) | M14: =SUM(M7:M12) | N14: =IF(B14=0,0,M14/B14) | O14: =IF(B14=0,"예산 없음",IF(I14>=$B$3,"초과",IF(I14<$D$3,"미소진","적정")))
A15: 아넬라 합계 (브랜드검색 포함) | B15: =B14+B13 | C15: =B15*'가정'!$B$7/'가정'!$B$8 | D15: =D14+D13 | E15: =IF(C15=0,0,D15/C15) | F15: =IF(B15=0,0,D15/B15) | G15: =B15-D15 | H15: =H14+H13 | I15: =IF(B15=0,0,H15/B15) | J15: =J14+J13 | K15: =K14+K13 | L15: =IF(D15=0,0,K15/D15) | M15: =M14+M13 | N15: =IF(B15=0,0,M15/B15) | O15: =IF(B15=0,"예산 없음",IF(I15>=$B$3,"초과",IF(I15<$D$3,"미소진","적정")))
A17: 로지오가닉
A18: 매체 | B18: 월 예산 | C18: 일할 예산 (28일) | D18: 집행 광고비 | E18: 일할 대비 소진율 | F18: 월 예산 대비 소진율 | G18: 잔여 예산 | H18: 월말 예상 광고비 | I18: 월말 예상 소진율 | J18: 구매 (건) | K18: 매출 | L18: ROAS | M18: 월말 예상 매출 | N18: 예상 매출 ÷ 월 예산 | O18: 소진 판정
A19: 파워링크 | B19: =SUMIFS('가정'!$C$16:$C$27,'가정'!$A$16:$A$27,$A$17,'가정'!$B$16:$B$27,$A19) | C19: =B19*'가정'!$B$7/'가정'!$B$8 | D19: =SUMIFS('데이터_광고'!$E$2:$E$500,'데이터_광고'!$A$2:$A$500,$A$17,'데이터_광고'!$B$2:$B$500,$A19)/10000 | E19: =IF(C19=0,0,D19/C19) | F19: =IF(B19=0,0,D19/B19) | G19: =B19-D19 | H19: =D19+SUMIFS('데이터_광고'!$E$2:$E$500,'데이터_광고'!$A$2:$A$500,$A$17,'데이터_광고'!$B$2:$B$500,$A19,'데이터_광고'!$D$2:$D$500,'가정'!$A$54)/10000/'가정'!$D$54*'가정'!$B$9 | I19: =IF(B19=0,0,H19/B19) | J19: =SUMIFS('데이터_광고'!$H$2:$H$500,'데이터_광고'!$A$2:$A$500,$A$17,'데이터_광고'!$B$2:$B$500,$A19) | K19: =SUMIFS('데이터_광고'!$I$2:$I$500,'데이터_광고'!$A$2:$A$500,$A$17,'데이터_광고'!$B$2:$B$500,$A19)/10000 | L19: =IF(D19=0,0,K19/D19) | M19: =K19+SUMIFS('데이터_광고'!$I$2:$I$500,'데이터_광고'!$A$2:$A$500,$A$17,'데이터_광고'!$B$2:$B$500,$A19,'데이터_광고'!$D$2:$D$500,'가정'!$A$54)/10000/'가정'!$D$54*'가정'!$B$9 | N19: =IF(B19=0,0,M19/B19) | O19: =IF(B19=0,"예산 없음",IF(I19>=$B$3,"초과",IF(I19<$D$3,"미소진","적정")))
A20: 쇼핑검색 | B20: =SUMIFS('가정'!$C$16:$C$27,'가정'!$A$16:$A$27,$A$17,'가정'!$B$16:$B$27,$A20) | C20: =B20*'가정'!$B$7/'가정'!$B$8 | D20: =SUMIFS('데이터_광고'!$E$2:$E$500,'데이터_광고'!$A$2:$A$500,$A$17,'데이터_광고'!$B$2:$B$500,$A20)/10000 | E20: =IF(C20=0,0,D20/C20) | F20: =IF(B20=0,0,D20/B20) | G20: =B20-D20 | H20: =D20+SUMIFS('데이터_광고'!$E$2:$E$500,'데이터_광고'!$A$2:$A$500,$A$17,'데이터_광고'!$B$2:$B$500,$A20,'데이터_광고'!$D$2:$D$500,'가정'!$A$54)/10000/'가정'!$D$54*'가정'!$B$9 | I20: =IF(B20=0,0,H20/B20) | J20: =SUMIFS('데이터_광고'!$H$2:$H$500,'데이터_광고'!$A$2:$A$500,$A$17,'데이터_광고'!$B$2:$B$500,$A20) | K20: =SUMIFS('데이터_광고'!$I$2:$I$500,'데이터_광고'!$A$2:$A$500,$A$17,'데이터_광고'!$B$2:$B$500,$A20)/10000 | L20: =IF(D20=0,0,K20/D20) | M20: =K20+SUMIFS('데이터_광고'!$I$2:$I$500,'데이터_광고'!$A$2:$A$500,$A$17,'데이터_광고'!$B$2:$B$500,$A20,'데이터_광고'!$D$2:$D$500,'가정'!$A$54)/10000/'가정'!$D$54*'가정'!$B$9 | N20: =IF(B20=0,0,M20/B20) | O20: =IF(B20=0,"예산 없음",IF(I20>=$B$3,"초과",IF(I20<$D$3,"미소진","적정")))
A21: GFA 카탈로그 | B21: =SUMIFS('가정'!$C$16:$C$27,'가정'!$A$16:$A$27,$A$17,'가정'!$B$16:$B$27,$A21) | C21: =B21*'가정'!$B$7/'가정'!$B$8 | D21: =SUMIFS('데이터_광고'!$E$2:$E$500,'데이터_광고'!$A$2:$A$500,$A$17,'데이터_광고'!$B$2:$B$500,$A21)/10000 | E21: =IF(C21=0,0,D21/C21) | F21: =IF(B21=0,0,D21/B21) | G21: =B21-D21 | H21: =D21+SUMIFS('데이터_광고'!$E$2:$E$500,'데이터_광고'!$A$2:$A$500,$A$17,'데이터_광고'!$B$2:$B$500,$A21,'데이터_광고'!$D$2:$D$500,'가정'!$A$54)/10000/'가정'!$D$54*'가정'!$B$9 | I21: =IF(B21=0,0,H21/B21) | J21: =SUMIFS('데이터_광고'!$H$2:$H$500,'데이터_광고'!$A$2:$A$500,$A$17,'데이터_광고'!$B$2:$B$500,$A21) | K21: =SUMIFS('데이터_광고'!$I$2:$I$500,'데이터_광고'!$A$2:$A$500,$A$17,'데이터_광고'!$B$2:$B$500,$A21)/10000 | L21: =IF(D21=0,0,K21/D21) | M21: =K21+SUMIFS('데이터_광고'!$I$2:$I$500,'데이터_광고'!$A$2:$A$500,$A$17,'데이터_광고'!$B$2:$B$500,$A21,'데이터_광고'!$D$2:$D$500,'가정'!$A$54)/10000/'가정'!$D$54*'가정'!$B$9 | N21: =IF(B21=0,0,M21/B21) | O21: =IF(B21=0,"예산 없음",IF(I21>=$B$3,"초과",IF(I21<$D$3,"미소진","적정")))
A22: GFA 전환 | B22: =SUMIFS('가정'!$C$16:$C$27,'가정'!$A$16:$A$27,$A$17,'가정'!$B$16:$B$27,$A22) | C22: =B22*'가정'!$B$7/'가정'!$B$8 | D22: =SUMIFS('데이터_광고'!$E$2:$E$500,'데이터_광고'!$A$2:$A$500,$A$17,'데이터_광고'!$B$2:$B$500,$A22)/10000 | E22: =IF(C22=0,0,D22/C22) | F22: =IF(B22=0,0,D22/B22) | G22: =B22-D22 | H22: =D22+SUMIFS('데이터_광고'!$E$2:$E$500,'데이터_광고'!$A$2:$A$500,$A$17,'데이터_광고'!$B$2:$B$500,$A22,'데이터_광고'!$D$2:$D$500,'가정'!$A$54)/10000/'가정'!$D$54*'가정'!$B$9 | I22: =IF(B22=0,0,H22/B22) | J22: =SUMIFS('데이터_광고'!$H$2:$H$500,'데이터_광고'!$A$2:$A$500,$A$17,'데이터_광고'!$B$2:$B$500,$A22) | K22: =SUMIFS('데이터_광고'!$I$2:$I$500,'데이터_광고'!$A$2:$A$500,$A$17,'데이터_광고'!$B$2:$B$500,$A22)/10000 | L22: =IF(D22=0,0,K22/D22) | M22: =K22+SUMIFS('데이터_광고'!$I$2:$I$500,'데이터_광고'!$A$2:$A$500,$A$17,'데이터_광고'!$B$2:$B$500,$A22,'데이터_광고'!$D$2:$D$500,'가정'!$A$54)/10000/'가정'!$D$54*'가정'!$B$9 | N22: =IF(B22=0,0,M22/B22) | O22: =IF(B22=0,"예산 없음",IF(I22>=$B$3,"초과",IF(I22<$D$3,"미소진","적정")))
A23: 메타 스스 | B23: =SUMIFS('가정'!$C$16:$C$27,'가정'!$A$16:$A$27,$A$17,'가정'!$B$16:$B$27,$A23) | C23: =B23*'가정'!$B$7/'가정'!$B$8 | D23: =SUMIFS('데이터_광고'!$E$2:$E$500,'데이터_광고'!$A$2:$A$500,$A$17,'데이터_광고'!$B$2:$B$500,$A23)/10000 | E23: =IF(C23=0,0,D23/C23) | F23: =IF(B23=0,0,D23/B23) | G23: =B23-D23 | H23: =D23+SUMIFS('데이터_광고'!$E$2:$E$500,'데이터_광고'!$A$2:$A$500,$A$17,'데이터_광고'!$B$2:$B$500,$A23,'데이터_광고'!$D$2:$D$500,'가정'!$A$54)/10000/'가정'!$D$54*'가정'!$B$9 | I23: =IF(B23=0,0,H23/B23) | J23: =SUMIFS('데이터_광고'!$H$2:$H$500,'데이터_광고'!$A$2:$A$500,$A$17,'데이터_광고'!$B$2:$B$500,$A23) | K23: =SUMIFS('데이터_광고'!$I$2:$I$500,'데이터_광고'!$A$2:$A$500,$A$17,'데이터_광고'!$B$2:$B$500,$A23)/10000 | L23: =IF(D23=0,0,K23/D23) | M23: =K23+SUMIFS('데이터_광고'!$I$2:$I$500,'데이터_광고'!$A$2:$A$500,$A$17,'데이터_광고'!$B$2:$B$500,$A23,'데이터_광고'!$D$2:$D$500,'가정'!$A$54)/10000/'가정'!$D$54*'가정'!$B$9 | N23: =IF(B23=0,0,M23/B23) | O23: =IF(B23=0,"예산 없음",IF(I23>=$B$3,"초과",IF(I23<$D$3,"미소진","적정")))
A24: 메타 자사몰 | B24: =SUMIFS('가정'!$C$16:$C$27,'가정'!$A$16:$A$27,$A$17,'가정'!$B$16:$B$27,$A24) | C24: =B24*'가정'!$B$7/'가정'!$B$8 | D24: =SUMIFS('데이터_광고'!$E$2:$E$500,'데이터_광고'!$A$2:$A$500,$A$17,'데이터_광고'!$B$2:$B$500,$A24)/10000 | E24: =IF(C24=0,0,D24/C24) | F24: =IF(B24=0,0,D24/B24) | G24: =B24-D24 | H24: =D24+SUMIFS('데이터_광고'!$E$2:$E$500,'데이터_광고'!$A$2:$A$500,$A$17,'데이터_광고'!$B$2:$B$500,$A24,'데이터_광고'!$D$2:$D$500,'가정'!$A$54)/10000/'가정'!$D$54*'가정'!$B$9 | I24: =IF(B24=0,0,H24/B24) | J24: =SUMIFS('데이터_광고'!$H$2:$H$500,'데이터_광고'!$A$2:$A$500,$A$17,'데이터_광고'!$B$2:$B$500,$A24) | K24: =SUMIFS('데이터_광고'!$I$2:$I$500,'데이터_광고'!$A$2:$A$500,$A$17,'데이터_광고'!$B$2:$B$500,$A24)/10000 | L24: =IF(D24=0,0,K24/D24) | M24: =K24+SUMIFS('데이터_광고'!$I$2:$I$500,'데이터_광고'!$A$2:$A$500,$A$17,'데이터_광고'!$B$2:$B$500,$A24,'데이터_광고'!$D$2:$D$500,'가정'!$A$54)/10000/'가정'!$D$54*'가정'!$B$9 | N24: =IF(B24=0,0,M24/B24) | O24: =IF(B24=0,"예산 없음",IF(I24>=$B$3,"초과",IF(I24<$D$3,"미소진","적정")))
A25: 브랜드검색 (정액, 예산표 외) | B25: ='가정'!$B$38*'가정'!$B$8/10000 | C25: =B25*'가정'!$B$7/'가정'!$B$8 | D25: =SUMIFS('데이터_광고'!$E$2:$E$500,'데이터_광고'!$A$2:$A$500,$A$17,'데이터_광고'!$B$2:$B$500,"브랜드검색")/10000 | E25: =IF(C25=0,0,D25/C25) | F25: =IF(B25=0,0,D25/B25) | G25: =B25-D25 | H25: =D25+SUMIFS('데이터_광고'!$E$2:$E$500,'데이터_광고'!$A$2:$A$500,$A$17,'데이터_광고'!$B$2:$B$500,"브랜드검색",'데이터_광고'!$D$2:$D$500,'가정'!$A$54)/10000/'가정'!$D$54*'가정'!$B$9 | I25: =IF(B25=0,0,H25/B25) | J25: =SUMIFS('데이터_광고'!$H$2:$H$500,'데이터_광고'!$A$2:$A$500,$A$17,'데이터_광고'!$B$2:$B$500,"브랜드검색") | K25: =SUMIFS('데이터_광고'!$I$2:$I$500,'데이터_광고'!$A$2:$A$500,$A$17,'데이터_광고'!$B$2:$B$500,"브랜드검색")/10000 | L25: =IF(D25=0,0,K25/D25) | M25: =K25+SUMIFS('데이터_광고'!$I$2:$I$500,'데이터_광고'!$A$2:$A$500,$A$17,'데이터_광고'!$B$2:$B$500,"브랜드검색",'데이터_광고'!$D$2:$D$500,'가정'!$A$54)/10000/'가정'!$D$54*'가정'!$B$9 | N25: =IF(B25=0,0,M25/B25) | O25: =IF(B25=0,"예산 없음",IF(I25>=$B$3,"초과",IF(I25<$D$3,"미소진","적정")))
A26: 로지오가닉 합계 (예산표 기준, 브랜드검색 제외) | B26: =SUM(B19:B24) | C26: =B26*'가정'!$B$7/'가정'!$B$8 | D26: =SUM(D19:D24) | E26: =IF(C26=0,0,D26/C26) | F26: =IF(B26=0,0,D26/B26) | G26: =B26-D26 | H26: =SUM(H19:H24) | I26: =IF(B26=0,0,H26/B26) | J26: =SUM(J19:J24) | K26: =SUM(K19:K24) | L26: =IF(D26=0,0,K26/D26) | M26: =SUM(M19:M24) | N26: =IF(B26=0,0,M26/B26) | O26: =IF(B26=0,"예산 없음",IF(I26>=$B$3,"초과",IF(I26<$D$3,"미소진","적정")))
A27: 로지오가닉 합계 (브랜드검색 포함) | B27: =B26+B25 | C27: =B27*'가정'!$B$7/'가정'!$B$8 | D27: =D26+D25 | E27: =IF(C27=0,0,D27/C27) | F27: =IF(B27=0,0,D27/B27) | G27: =B27-D27 | H27: =H26+H25 | I27: =IF(B27=0,0,H27/B27) | J27: =J26+J25 | K27: =K26+K25 | L27: =IF(D27=0,0,K27/D27) | M27: =M26+M25 | N27: =IF(B27=0,0,M27/B27) | O27: =IF(B27=0,"예산 없음",IF(I27>=$B$3,"초과",IF(I27<$D$3,"미소진","적정")))
A29: 전체 합계 (브랜드검색 포함) | B29: =B15+B27 | C29: =B29*'가정'!$B$7/'가정'!$B$8 | D29: =D15+D27 | E29: =IF(C29=0,0,D29/C29) | F29: =IF(B29=0,0,D29/B29) | G29: =B29-D29 | H29: =H15+H27 | I29: =IF(B29=0,0,H29/B29) | J29: =J15+J27 | K29: =K15+K27 | L29: =IF(D29=0,0,K29/D29) | M29: =M15+M27 | N29: =IF(B29=0,0,M29/B29) | O29: =IF(I29>=$B$3,"초과",IF(I29<$D$3,"미소진","적정"))
A31: ="· 아넬라: 월 예산 "&TEXT(B14,"#,##0")&"만원 중 28일간 "&TEXT(D14,"#,##0")&"만원 집행(일할 대비 "&TEXT(E14,"0%")&"), 월말 예상 소진율 "&TEXT(I14,"0%")&". 집행 대비 매출 "&TEXT(K14,"#,##0")&"만원(ROAS "&TEXT(L14,"#,##0%")&", 브랜드검색 제외)."
A32: ="· 로지오가닉: 월 예산 "&TEXT(B26,"#,##0")&"만원 중 28일간 "&TEXT(D26,"#,##0")&"만원 집행(일할 대비 "&TEXT(E26,"0%")&"), 월말 예상 소진율 "&TEXT(I26,"0%")&". 집행 대비 매출 "&TEXT(K26,"#,##0")&"만원(ROAS "&TEXT(L26,"#,##0%")&", 브랜드검색 제외)."
A33: 브랜드검색은 정액 상품이라 월 예산(88만원×31/30)과 집행이 거의 같고 매출이 커서, 브랜드검색 포함 합계의 ROAS가 높게 나옵니다. 매체별 예산 소진 판단은 예산표 기준(브랜드검색 제외) 합계를 보세요.
A34: 월말 예상은 넾다세일 구간(10/26~28) 일평균을 3일 더 이은 값입니다. GFA 전환(로지)은 10월 예산이 0이라 소진율이 계산되지 않고, 10/26부터 넾다세일 한정으로 집행됐습니다.

Sheet 자사몰_매출
A1: 자사몰 10월 매출 (브랜드별) 과 메타 시크릿링크 광고
A2: 금액은 만원. 판매합계는 파일 값 그대로이며, 상품명에 "시크릿 특가"가 붙은 상품은 메타 시크릿링크 광고 유입 상품으로 봅니다. 파일에 기간이 없어 10월로 보았습니다.
A5: 브랜드별 자사몰 매출
A6: 구분 | B6: 결제수량 | C6: 환불수량 | D6: 환불률 | E6: 판매수량 | F6: 판매합계 | G6: 시크릿특가 매출 | H6: 시크릿특가 비중 | I6: 첫구매 전용 매출 | J6: 첫구매 전용 비중 | K6: 그 외 매출
A7: 아넬라 | B7: =SUMIFS('데이터_자사몰'!$D$2:$D$300,'데이터_자사몰'!$H$2:$H$300,"아넬라") | C7: =SUMIFS('데이터_자사몰'!$E$2:$E$300,'데이터_자사몰'!$H$2:$H$300,"아넬라") | D7: =IF(B7=0,0,C7/B7) | E7: =SUMIFS('데이터_자사몰'!$F$2:$F$300,'데이터_자사몰'!$H$2:$H$300,"아넬라") | F7: =SUMIFS('데이터_자사몰'!$G$2:$G$300,'데이터_자사몰'!$H$2:$H$300,"아넬라")/10000 | G7: =SUMIFS('데이터_자사몰'!$G$2:$G$300,'데이터_자사몰'!$H$2:$H$300,"아넬라",'데이터_자사몰'!$I$2:$I$300,"시크릿특가")/10000 | H7: =IF(F7=0,0,G7/F7) | I7: =SUMIFS('데이터_자사몰'!$G$2:$G$300,'데이터_자사몰'!$H$2:$H$300,"아넬라",'데이터_자사몰'!$I$2:$I$300,"첫구매전용")/10000 | J7: =IF(F7=0,0,I7/F7) | K7: =F7-G7-I7
A8: 로지오가닉 | B8: =SUMIFS('데이터_자사몰'!$D$2:$D$300,'데이터_자사몰'!$H$2:$H$300,"로지오가닉") | C8: =SUMIFS('데이터_자사몰'!$E$2:$E$300,'데이터_자사몰'!$H$2:$H$300,"로지오가닉") | D8: =IF(B8=0,0,C8/B8) | E8: =SUMIFS('데이터_자사몰'!$F$2:$F$300,'데이터_자사몰'!$H$2:$H$300,"로지오가닉") | F8: =SUMIFS('데이터_자사몰'!$G$2:$G$300,'데이터_자사몰'!$H$2:$H$300,"로지오가닉")/10000 | G8: =SUMIFS('데이터_자사몰'!$G$2:$G$300,'데이터_자사몰'!$H$2:$H$300,"로지오가닉",'데이터_자사몰'!$I$2:$I$300,"시크릿특가")/10000 | H8: =IF(F8=0,0,G8/F8) | I8: =SUMIFS('데이터_자사몰'!$G$2:$G$300,'데이터_자사몰'!$H$2:$H$300,"로지오가닉",'데이터_자사몰'!$I$2:$I$300,"첫구매전용")/10000 | J8: =IF(F8=0,0,I8/F8) | K8: =F8-G8-I8
A9: 공통 (전품목 맛보기팩) | B9: =SUMIFS('데이터_자사몰'!$D$2:$D$300,'데이터_자사몰'!$H$2:$H$300,"공통") | C9: =SUMIFS('데이터_자사몰'!$E$2:$E$300,'데이터_자사몰'!$H$2:$H$300,"공통") | D9: =IF(B9=0,0,C9/B9) | E9: =SUMIFS('데이터_자사몰'!$F$2:$F$300,'데이터_자사몰'!$H$2:$H$300,"공통") | F9: =SUMIFS('데이터_자사몰'!$G$2:$G$300,'데이터_자사몰'!$H$2:$H$300,"공통")/10000 | G9: =SUMIFS('데이터_자사몰'!$G$2:$G$300,'데이터_자사몰'!$H$2:$H$300,"공통",'데이터_자사몰'!$I$2:$I$300,"시크릿특가")/10000 | H9: =IF(F9=0,0,G9/F9) | I9: =SUMIFS('데이터_자사몰'!$G$2:$G$300,'데이터_자사몰'!$H$2:$H$300,"공통",'데이터_자사몰'!$I$2:$I$300,"첫구매전용")/10000 | J9: =IF(F9=0,0,I9/F9) | K9: =F9-G9-I9
A10: 합계 | B10: =SUM(B7:B9) | C10: =SUM(C7:C9) | D10: =IF(B10=0,0,C10/B10) | E10: =SUM(E7:E9) | F10: =SUM(F7:F9) | G10: =SUM(G7:G9) | H10: =IF(F10=0,0,G10/F10) | I10: =SUM(I7:I9) | J10: =IF(F10=0,0,I10/F10) | K10: =F10-G10-I10
A11: 브랜드 구분은 상품명에 "아넬라"/"로지오가닉"이 있는지로 나눴습니다. 두 브랜드가 함께 적힌 상품(신규회원 한정 맛보기팩)은 공통으로 따로 뒀습니다.
A13: 메타 시크릿링크 광고 vs 자사몰 시크릿특가 실매출
A14: 브랜드 | B14: 시크릿링크 광고비 | C14: 메타 보고 매출 | D14: 시크릿특가 실매출 | E14: 보고 ÷ 실매출 | F14: 보고 ROAS | G14: 실매출 ROAS | H14: 메타 자사몰 전체 광고비 | I14: 자사몰 브랜드 전체 매출 | J14: 자사몰 매출 ÷ 전체 광고비
A15: 아넬라 | B15: =SUMIFS('데이터_광고'!$E$2:$E$500,'데이터_광고'!$A$2:$A$500,$A15,'데이터_광고'!$B$2:$B$500,"메타 자사몰",'데이터_광고'!$C$2:$C$500,"*시크릿링크*")/10000 | C15: =SUMIFS('데이터_광고'!$I$2:$I$500,'데이터_광고'!$A$2:$A$500,$A15,'데이터_광고'!$B$2:$B$500,"메타 자사몰",'데이터_광고'!$C$2:$C$500,"*시크릿링크*")/10000 | D15: =G7 | E15: =IF(D15=0,0,C15/D15) | F15: =IF(B15=0,0,C15/B15) | G15: =IF(B15=0,0,D15/B15) | H15: =SUMIFS('데이터_광고'!$E$2:$E$500,'데이터_광고'!$A$2:$A$500,$A15,'데이터_광고'!$B$2:$B$500,"메타 자사몰")/10000 | I15: =F7 | J15: =IF(H15=0,0,I15/H15)
A16: 로지오가닉 | B16: =SUMIFS('데이터_광고'!$E$2:$E$500,'데이터_광고'!$A$2:$A$500,$A16,'데이터_광고'!$B$2:$B$500,"메타 자사몰",'데이터_광고'!$C$2:$C$500,"*시크릿링크*")/10000 | C16: =SUMIFS('데이터_광고'!$I$2:$I$500,'데이터_광고'!$A$2:$A$500,$A16,'데이터_광고'!$B$2:$B$500,"메타 자사몰",'데이터_광고'!$C$2:$C$500,"*시크릿링크*")/10000 | D16: =G8 | E16: =IF(D16=0,0,C16/D16) | F16: =IF(B16=0,0,C16/B16) | G16: =IF(B16=0,0,D16/B16) | H16: =SUMIFS('데이터_광고'!$E$2:$E$500,'데이터_광고'!$A$2:$A$500,$A16,'데이터_광고'!$B$2:$B$500,"메타 자사몰")/10000 | I16: =F8 | J16: =IF(H16=0,0,I16/H16)
A18: 시크릿링크 광고비는 캠페인명에 "시크릿링크"가 들어간 메타 자사몰 캠페인만 합산했습니다(아넬라 웰컴박스 제외). 메타 보고 매출이 실매출보다 큰 것은 귀속 기준 차이(조회 후 전환 등) 또는 환불·할인 반영 차이일 수 있으며, 판매합계가 쿠폰·할인을 반영한 실결제 기준인지는 확인이 필요합니다.
A20: 상품별 상위 (판매합계 순)
A21: 순위 | B21: 상품명 | F21: 판매합계(만원) | G21: 브랜드 | H21: 구분
A22: 1 | B22: ='데이터_자사몰'!B4 | F22: ='데이터_자사몰'!G4/10000 | G22: ='데이터_자사몰'!H4 | H22: ='데이터_자사몰'!I4
A23: 2 | B23: ='데이터_자사몰'!B2 | F23: ='데이터_자사몰'!G2/10000 | G23: ='데이터_자사몰'!H2 | H23: ='데이터_자사몰'!I2
A24: 3 | B24: ='데이터_자사몰'!B3 | F24: ='데이터_자사몰'!G3/10000 | G24: ='데이터_자사몰'!H3 | H24: ='데이터_자사몰'!I3
A25: 4 | B25: ='데이터_자사몰'!B9 | F25: ='데이터_자사몰'!G9/10000 | G25: ='데이터_자사몰'!H9 | H25: ='데이터_자사몰'!I9
A26: 5 | B26: ='데이터_자사몰'!B8 | F26: ='데이터_자사몰'!G8/10000 | G26: ='데이터_자사몰'!H8 | H26: ='데이터_자사몰'!I8
A27: 6 | B27: ='데이터_자사몰'!B10 | F27: ='데이터_자사몰'!G10/10000 | G27: ='데이터_자사몰'!H10 | H27: ='데이터_자사몰'!I10
A28: 7 | B28: ='데이터_자사몰'!B6 | F28: ='데이터_자사몰'!G6/10000 | G28: ='데이터_자사몰'!H6 | H28: ='데이터_자사몰'!I6
A29: 8 | B29: ='데이터_자사몰'!B17 | F29: ='데이터_자사몰'!G17/10000 | G29: ='데이터_자사몰'!H17 | H29: ='데이터_자사몰'!I17
A30: 9 | B30: ='데이터_자사몰'!B14 | F30: ='데이터_자사몰'!G14/10000 | G30: ='데이터_자사몰'!H14 | H30: ='데이터_자사몰'!I14
A31: 10 | B31: ='데이터_자사몰'!B7 | F31: ='데이터_자사몰'!G7/10000 | G31: ='데이터_자사몰'!H7 | H31: ='데이터_자사몰'!I7

Sheet 주차별_추이
A1: 기간별 추이 (상시/행사 구분)
A2: 모든 값은 데이터 시트의 SUMIFS 수식입니다. 기간 구분은 가정 시트에서 바꿀 수 있습니다. 광고비에는 브랜드검색 정액(일할)이 포함됩니다.
A4: 아넬라 | B4: 기간별 광고 성과와 스마트스토어 매출
A5: 지표 | B5: ='가정'!A50 | C5: ='가정'!A51 | D5: ='가정'!A52 | E5: ='가정'!A53 | F5: ='가정'!A54 | G5: 10월 누계 | H5: 상시 구간 | I5: 행사 구간
A6: 기간 | B6: =TEXT('가정'!B50,"m/d")&"~"&TEXT('가정'!C50,"m/d") | C6: =TEXT('가정'!B51,"m/d")&"~"&TEXT('가정'!C51,"m/d") | D6: =TEXT('가정'!B52,"m/d")&"~"&TEXT('가정'!C52,"m/d") | E6: =TEXT('가정'!B53,"m/d")&"~"&TEXT('가정'!C53,"m/d") | F6: =TEXT('가정'!B54,"m/d")&"~"&TEXT('가정'!C54,"m/d") | G6: =TEXT('가정'!B5,"m/d")&"~"&TEXT('가정'!B6,"m/d") | H6: 상시 | I6: 행사
A7: 구분 | B7: ='가정'!E50 | C7: ='가정'!E51 | D7: ='가정'!E52 | E7: ='가정'!E53 | F7: ='가정'!E54 | G7: - | H7: 상시 | I7: 행사
A8: 일수 | B8: ='가정'!D50 | C8: ='가정'!D51 | D8: ='가정'!D52 | E8: ='가정'!D53 | F8: ='가정'!D54 | G8: =SUM(B8:F8) | H8: =SUMIF($B$7:$F$7,H$7,$B8:$F8) | I8: =SUMIF($B$7:$F$7,I$7,$B8:$F8)
A9: 광고비(원) | B9: =SUMIFS('데이터_광고'!$E$2:$E$500,'데이터_광고'!$A$2:$A$500,$A$4,'데이터_광고'!$D$2:$D$500,B$5) | C9: =SUMIFS('데이터_광고'!$E$2:$E$500,'데이터_광고'!$A$2:$A$500,$A$4,'데이터_광고'!$D$2:$D$500,C$5) | D9: =SUMIFS('데이터_광고'!$E$2:$E$500,'데이터_광고'!$A$2:$A$500,$A$4,'데이터_광고'!$D$2:$D$500,D$5) | E9: =SUMIFS('데이터_광고'!$E$2:$E$500,'데이터_광고'!$A$2:$A$500,$A$4,'데이터_광고'!$D$2:$D$500,E$5) | F9: =SUMIFS('데이터_광고'!$E$2:$E$500,'데이터_광고'!$A$2:$A$500,$A$4,'데이터_광고'!$D$2:$D$500,F$5) | G9: =SUM(B9:F9) | H9: =SUMIF($B$7:$F$7,H$7,$B9:$F9) | I9: =SUMIF($B$7:$F$7,I$7,$B9:$F9)
A10: 매출(원) | B10: =SUMIFS('데이터_광고'!$I$2:$I$500,'데이터_광고'!$A$2:$A$500,$A$4,'데이터_광고'!$D$2:$D$500,B$5) | C10: =SUMIFS('데이터_광고'!$I$2:$I$500,'데이터_광고'!$A$2:$A$500,$A$4,'데이터_광고'!$D$2:$D$500,C$5) | D10: =SUMIFS('데이터_광고'!$I$2:$I$500,'데이터_광고'!$A$2:$A$500,$A$4,'데이터_광고'!$D$2:$D$500,D$5) | E10: =SUMIFS('데이터_광고'!$I$2:$I$500,'데이터_광고'!$A$2:$A$500,$A$4,'데이터_광고'!$D$2:$D$500,E$5) | F10: =SUMIFS('데이터_광고'!$I$2:$I$500,'데이터_광고'!$A$2:$A$500,$A$4,'데이터_광고'!$D$2:$D$500,F$5) | G10: =SUM(B10:F10) | H10: =SUMIF($B$7:$F$7,H$7,$B10:$F10) | I10: =SUMIF($B$7:$F$7,I$7,$B10:$F10)
A11: ROAS | B11: =IF(B9=0,0,B10/B9) | C11: =IF(C9=0,0,C10/C9) | D11: =IF(D9=0,0,D10/D9) | E11: =IF(E9=0,0,E10/E9) | F11: =IF(F9=0,0,F10/F9) | G11: =IF(G9=0,0,G10/G9) | H11: =IF(H9=0,0,H10/H9) | I11: =IF(I9=0,0,I10/I9)
A12: 구매(건) | B12: =SUMIFS('데이터_광고'!$H$2:$H$500,'데이터_광고'!$A$2:$A$500,$A$4,'데이터_광고'!$D$2:$D$500,B$5) | C12: =SUMIFS('데이터_광고'!$H$2:$H$500,'데이터_광고'!$A$2:$A$500,$A$4,'데이터_광고'!$D$2:$D$500,C$5) | D12: =SUMIFS('데이터_광고'!$H$2:$H$500,'데이터_광고'!$A$2:$A$500,$A$4,'데이터_광고'!$D$2:$D$500,D$5) | E12: =SUMIFS('데이터_광고'!$H$2:$H$500,'데이터_광고'!$A$2:$A$500,$A$4,'데이터_광고'!$D$2:$D$500,E$5) | F12: =SUMIFS('데이터_광고'!$H$2:$H$500,'데이터_광고'!$A$2:$A$500,$A$4,'데이터_광고'!$D$2:$D$500,F$5) | G12: =SUM(B12:F12) | H12: =SUMIF($B$7:$F$7,H$7,$B12:$F12) | I12: =SUMIF($B$7:$F$7,I$7,$B12:$F12)
A13: 클릭 | B13: =SUMIFS('데이터_광고'!$G$2:$G$500,'데이터_광고'!$A$2:$A$500,$A$4,'데이터_광고'!$D$2:$D$500,B$5) | C13: =SUMIFS('데이터_광고'!$G$2:$G$500,'데이터_광고'!$A$2:$A$500,$A$4,'데이터_광고'!$D$2:$D$500,C$5) | D13: =SUMIFS('데이터_광고'!$G$2:$G$500,'데이터_광고'!$A$2:$A$500,$A$4,'데이터_광고'!$D$2:$D$500,D$5) | E13: =SUMIFS('데이터_광고'!$G$2:$G$500,'데이터_광고'!$A$2:$A$500,$A$4,'데이터_광고'!$D$2:$D$500,E$5) | F13: =SUMIFS('데이터_광고'!$G$2:$G$500,'데이터_광고'!$A$2:$A$500,$A$4,'데이터_광고'!$D$2:$D$500,F$5) | G13: =SUM(B13:F13) | H13: =SUMIF($B$7:$F$7,H$7,$B13:$F13) | I13: =SUMIF($B$7:$F$7,I$7,$B13:$F13)
A14: 객단가(원) | B14: =IF(B12=0,0,B10/B12) | C14: =IF(C12=0,0,C10/C12) | D14: =IF(D12=0,0,D10/D12) | E14: =IF(E12=0,0,E10/E12) | F14: =IF(F12=0,0,F10/F12) | G14: =IF(G12=0,0,G10/G12) | H14: =IF(H12=0,0,H10/H12) | I14: =IF(I12=0,0,I10/I12)
A15: 일평균 광고비(원) | B15: =IF(B8=0,0,B9/B8) | C15: =IF(C8=0,0,C9/C8) | D15: =IF(D8=0,0,D9/D8) | E15: =IF(E8=0,0,E9/E8) | F15: =IF(F8=0,0,F9/F8) | G15: =IF(G8=0,0,G9/G8) | H15: =IF(H8=0,0,H9/H8) | I15: =IF(I8=0,0,I9/I8)
A16: 일평균 매출(원) | B16: =IF(B8=0,0,B10/B8) | C16: =IF(C8=0,0,C10/C8) | D16: =IF(D8=0,0,D10/D8) | E16: =IF(E8=0,0,E10/E8) | F16: =IF(F8=0,0,F10/F8) | G16: =IF(G8=0,0,G10/G8) | H16: =IF(H8=0,0,H10/H8) | I16: =IF(I8=0,0,I10/I8)
A17: 스마트스토어 일반상품 순매출(원) | B17: =SUMIFS('데이터_SS일별'!$F$2:$F$400,'데이터_SS일별'!$A$2:$A$400,$A$4,'데이터_SS일별'!$C$2:$C$400,"일반",'데이터_SS일별'!$B$2:$B$400,">="&'가정'!B50,'데이터_SS일별'!$B$2:$B$400,"<="&'가정'!C50) | C17: =SUMIFS('데이터_SS일별'!$F$2:$F$400,'데이터_SS일별'!$A$2:$A$400,$A$4,'데이터_SS일별'!$C$2:$C$400,"일반",'데이터_SS일별'!$B$2:$B$400,">="&'가정'!B51,'데이터_SS일별'!$B$2:$B$400,"<="&'가정'!C51) | D17: =SUMIFS('데이터_SS일별'!$F$2:$F$400,'데이터_SS일별'!$A$2:$A$400,$A$4,'데이터_SS일별'!$C$2:$C$400,"일반",'데이터_SS일별'!$B$2:$B$400,">="&'가정'!B52,'데이터_SS일별'!$B$2:$B$400,"<="&'가정'!C52) | E17: =SUMIFS('데이터_SS일별'!$F$2:$F$400,'데이터_SS일별'!$A$2:$A$400,$A$4,'데이터_SS일별'!$C$2:$C$400,"일반",'데이터_SS일별'!$B$2:$B$400,">="&'가정'!B53,'데이터_SS일별'!$B$2:$B$400,"<="&'가정'!C53) | F17: =SUMIFS('데이터_SS일별'!$F$2:$F$400,'데이터_SS일별'!$A$2:$A$400,$A$4,'데이터_SS일별'!$C$2:$C$400,"일반",'데이터_SS일별'!$B$2:$B$400,">="&'가정'!B54,'데이터_SS일별'!$B$2:$B$400,"<="&'가정'!C54) | G17: =SUM(B17:F17) | H17: =SUMIF($B$7:$F$7,H$7,$B17:$F17) | I17: =SUMIF($B$7:$F$7,I$7,$B17:$F17)
A18: (참고) 공동구매 순매출, 집계 제외분(원) | B18: =SUMIFS('데이터_SS일별'!$F$2:$F$400,'데이터_SS일별'!$A$2:$A$400,$A$4,'데이터_SS일별'!$C$2:$C$400,"공구",'데이터_SS일별'!$B$2:$B$400,">="&'가정'!B50,'데이터_SS일별'!$B$2:$B$400,"<="&'가정'!C50) | C18: =SUMIFS('데이터_SS일별'!$F$2:$F$400,'데이터_SS일별'!$A$2:$A$400,$A$4,'데이터_SS일별'!$C$2:$C$400,"공구",'데이터_SS일별'!$B$2:$B$400,">="&'가정'!B51,'데이터_SS일별'!$B$2:$B$400,"<="&'가정'!C51) | D18: =SUMIFS('데이터_SS일별'!$F$2:$F$400,'데이터_SS일별'!$A$2:$A$400,$A$4,'데이터_SS일별'!$C$2:$C$400,"공구",'데이터_SS일별'!$B$2:$B$400,">="&'가정'!B52,'데이터_SS일별'!$B$2:$B$400,"<="&'가정'!C52) | E18: =SUMIFS('데이터_SS일별'!$F$2:$F$400,'데이터_SS일별'!$A$2:$A$400,$A$4,'데이터_SS일별'!$C$2:$C$400,"공구",'데이터_SS일별'!$B$2:$B$400,">="&'가정'!B53,'데이터_SS일별'!$B$2:$B$400,"<="&'가정'!C53) | F18: =SUMIFS('데이터_SS일별'!$F$2:$F$400,'데이터_SS일별'!$A$2:$A$400,$A$4,'데이터_SS일별'!$C$2:$C$400,"공구",'데이터_SS일별'!$B$2:$B$400,">="&'가정'!B54,'데이터_SS일별'!$B$2:$B$400,"<="&'가정'!C54) | G18: =SUM(B18:F18) | H18: =SUMIF($B$7:$F$7,H$7,$B18:$F18) | I18: =SUMIF($B$7:$F$7,I$7,$B18:$F18)
A19: 스스향 광고비(원, 메타 자사몰 제외) | B19: =B9-SUMIFS('데이터_광고'!$E$2:$E$500,'데이터_광고'!$A$2:$A$500,$A$4,'데이터_광고'!$D$2:$D$500,B$5,'데이터_광고'!$B$2:$B$500,"메타 자사몰") | C19: =C9-SUMIFS('데이터_광고'!$E$2:$E$500,'데이터_광고'!$A$2:$A$500,$A$4,'데이터_광고'!$D$2:$D$500,C$5,'데이터_광고'!$B$2:$B$500,"메타 자사몰") | D19: =D9-SUMIFS('데이터_광고'!$E$2:$E$500,'데이터_광고'!$A$2:$A$500,$A$4,'데이터_광고'!$D$2:$D$500,D$5,'데이터_광고'!$B$2:$B$500,"메타 자사몰") | E19: =E9-SUMIFS('데이터_광고'!$E$2:$E$500,'데이터_광고'!$A$2:$A$500,$A$4,'데이터_광고'!$D$2:$D$500,E$5,'데이터_광고'!$B$2:$B$500,"메타 자사몰") | F19: =F9-SUMIFS('데이터_광고'!$E$2:$E$500,'데이터_광고'!$A$2:$A$500,$A$4,'데이터_광고'!$D$2:$D$500,F$5,'데이터_광고'!$B$2:$B$500,"메타 자사몰") | G19: =SUM(B19:F19) | H19: =SUMIF($B$7:$F$7,H$7,$B19:$F19) | I19: =SUMIF($B$7:$F$7,I$7,$B19:$F19)
A20: 스마트스토어 통합 ROAS (순매출÷스스향 광고비) | B20: =IF(B19=0,0,B17/B19) | C20: =IF(C19=0,0,C17/C19) | D20: =IF(D19=0,0,D17/D19) | E20: =IF(E19=0,0,E17/E19) | F20: =IF(F19=0,0,F17/F19) | G20: =IF(G19=0,0,G17/G19) | H20: =IF(H19=0,0,H17/H19) | I20: =IF(I19=0,0,I17/I19)
A25: 로지오가닉 | B25: 기간별 광고 성과와 스마트스토어 매출
A26: 지표 | B26: ='가정'!A50 | C26: ='가정'!A51 | D26: ='가정'!A52 | E26: ='가정'!A53 | F26: ='가정'!A54 | G26: 10월 누계 | H26: 상시 구간 | I26: 행사 구간
A27: 기간 | B27: =TEXT('가정'!B50,"m/d")&"~"&TEXT('가정'!C50,"m/d") | C27: =TEXT('가정'!B51,"m/d")&"~"&TEXT('가정'!C51,"m/d") | D27: =TEXT('가정'!B52,"m/d")&"~"&TEXT('가정'!C52,"m/d") | E27: =TEXT('가정'!B53,"m/d")&"~"&TEXT('가정'!C53,"m/d") | F27: =TEXT('가정'!B54,"m/d")&"~"&TEXT('가정'!C54,"m/d") | G27: =TEXT('가정'!B5,"m/d")&"~"&TEXT('가정'!B6,"m/d") | H27: 상시 | I27: 행사
A28: 구분 | B28: ='가정'!E50 | C28: ='가정'!E51 | D28: ='가정'!E52 | E28: ='가정'!E53 | F28: ='가정'!E54 | G28: - | H28: 상시 | I28: 행사
A29: 일수 | B29: ='가정'!D50 | C29: ='가정'!D51 | D29: ='가정'!D52 | E29: ='가정'!D53 | F29: ='가정'!D54 | G29: =SUM(B29:F29) | H29: =SUMIF($B$28:$F$28,H$28,$B29:$F29) | I29: =SUMIF($B$28:$F$28,I$28,$B29:$F29)
A30: 광고비(원) | B30: =SUMIFS('데이터_광고'!$E$2:$E$500,'데이터_광고'!$A$2:$A$500,$A$25,'데이터_광고'!$D$2:$D$500,B$26) | C30: =SUMIFS('데이터_광고'!$E$2:$E$500,'데이터_광고'!$A$2:$A$500,$A$25,'데이터_광고'!$D$2:$D$500,C$26) | D30: =SUMIFS('데이터_광고'!$E$2:$E$500,'데이터_광고'!$A$2:$A$500,$A$25,'데이터_광고'!$D$2:$D$500,D$26) | E30: =SUMIFS('데이터_광고'!$E$2:$E$500,'데이터_광고'!$A$2:$A$500,$A$25,'데이터_광고'!$D$2:$D$500,E$26) | F30: =SUMIFS('데이터_광고'!$E$2:$E$500,'데이터_광고'!$A$2:$A$500,$A$25,'데이터_광고'!$D$2:$D$500,F$26) | G30: =SUM(B30:F30) | H30: =SUMIF($B$28:$F$28,H$28,$B30:$F30) | I30: =SUMIF($B$28:$F$28,I$28,$B30:$F30)
A31: 매출(원) | B31: =SUMIFS('데이터_광고'!$I$2:$I$500,'데이터_광고'!$A$2:$A$500,$A$25,'데이터_광고'!$D$2:$D$500,B$26) | C31: =SUMIFS('데이터_광고'!$I$2:$I$500,'데이터_광고'!$A$2:$A$500,$A$25,'데이터_광고'!$D$2:$D$500,C$26) | D31: =SUMIFS('데이터_광고'!$I$2:$I$500,'데이터_광고'!$A$2:$A$500,$A$25,'데이터_광고'!$D$2:$D$500,D$26) | E31: =SUMIFS('데이터_광고'!$I$2:$I$500,'데이터_광고'!$A$2:$A$500,$A$25,'데이터_광고'!$D$2:$D$500,E$26) | F31: =SUMIFS('데이터_광고'!$I$2:$I$500,'데이터_광고'!$A$2:$A$500,$A$25,'데이터_광고'!$D$2:$D$500,F$26) | G31: =SUM(B31:F31) | H31: =SUMIF($B$28:$F$28,H$28,$B31:$F31) | I31: =SUMIF($B$28:$F$28,I$28,$B31:$F31)
A32: ROAS | B32: =IF(B30=0,0,B31/B30) | C32: =IF(C30=0,0,C31/C30) | D32: =IF(D30=0,0,D31/D30) | E32: =IF(E30=0,0,E31/E30) | F32: =IF(F30=0,0,F31/F30) | G32: =IF(G30=0,0,G31/G30) | H32: =IF(H30=0,0,H31/H30) | I32: =IF(I30=0,0,I31/I30)
A33: 구매(건) | B33: =SUMIFS('데이터_광고'!$H$2:$H$500,'데이터_광고'!$A$2:$A$500,$A$25,'데이터_광고'!$D$2:$D$500,B$26) | C33: =SUMIFS('데이터_광고'!$H$2:$H$500,'데이터_광고'!$A$2:$A$500,$A$25,'데이터_광고'!$D$2:$D$500,C$26) | D33: =SUMIFS('데이터_광고'!$H$2:$H$500,'데이터_광고'!$A$2:$A$500,$A$25,'데이터_광고'!$D$2:$D$500,D$26) | E33: =SUMIFS('데이터_광고'!$H$2:$H$500,'데이터_광고'!$A$2:$A$500,$A$25,'데이터_광고'!$D$2:$D$500,E$26) | F33: =SUMIFS('데이터_광고'!$H$2:$H$500,'데이터_광고'!$A$2:$A$500,$A$25,'데이터_광고'!$D$2:$D$500,F$26) | G33: =SUM(B33:F33) | H33: =SUMIF($B$28:$F$28,H$28,$B33:$F33) | I33: =SUMIF($B$28:$F$28,I$28,$B33:$F33)
A34: 클릭 | B34: =SUMIFS('데이터_광고'!$G$2:$G$500,'데이터_광고'!$A$2:$A$500,$A$25,'데이터_광고'!$D$2:$D$500,B$26) | C34: =SUMIFS('데이터_광고'!$G$2:$G$500,'데이터_광고'!$A$2:$A$500,$A$25,'데이터_광고'!$D$2:$D$500,C$26) | D34: =SUMIFS('데이터_광고'!$G$2:$G$500,'데이터_광고'!$A$2:$A$500,$A$25,'데이터_광고'!$D$2:$D$500,D$26) | E34: =SUMIFS('데이터_광고'!$G$2:$G$500,'데이터_광고'!$A$2:$A$500,$A$25,'데이터_광고'!$D$2:$D$500,E$26) | F34: =SUMIFS('데이터_광고'!$G$2:$G$500,'데이터_광고'!$A$2:$A$500,$A$25,'데이터_광고'!$D$2:$D$500,F$26) | G34: =SUM(B34:F34) | H34: =SUMIF($B$28:$F$28,H$28,$B34:$F34) | I34: =SUMIF($B$28:$F$28,I$28,$B34:$F34)
A35: 객단가(원) | B35: =IF(B33=0,0,B31/B33) | C35: =IF(C33=0,0,C31/C33) | D35: =IF(D33=0,0,D31/D33) | E35: =IF(E33=0,0,E31/E33) | F35: =IF(F33=0,0,F31/F33) | G35: =IF(G33=0,0,G31/G33) | H35: =IF(H33=0,0,H31/H33) | I35: =IF(I33=0,0,I31/I33)
A36: 일평균 광고비(원) | B36: =IF(B29=0,0,B30/B29) | C36: =IF(C29=0,0,C30/C29) | D36: =IF(D29=0,0,D30/D29) | E36: =IF(E29=0,0,E30/E29) | F36: =IF(F29=0,0,F30/F29) | G36: =IF(G29=0,0,G30/G29) | H36: =IF(H29=0,0,H30/H29) | I36: =IF(I29=0,0,I30/I29)
A37: 일평균 매출(원) | B37: =IF(B29=0,0,B31/B29) | C37: =IF(C29=0,0,C31/C29) | D37: =IF(D29=0,0,D31/D29) | E37: =IF(E29=0,0,E31/E29) | F37: =IF(F29=0,0,F31/F29) | G37: =IF(G29=0,0,G31/G29) | H37: =IF(H29=0,0,H31/H29) | I37: =IF(I29=0,0,I31/I29)
A38: 스마트스토어 일반상품 순매출(원) | B38: =SUMIFS('데이터_SS일별'!$F$2:$F$400,'데이터_SS일별'!$A$2:$A$400,$A$25,'데이터_SS일별'!$C$2:$C$400,"일반",'데이터_SS일별'!$B$2:$B$400,">="&'가정'!B50,'데이터_SS일별'!$B$2:$B$400,"<="&'가정'!C50) | C38: =SUMIFS('데이터_SS일별'!$F$2:$F$400,'데이터_SS일별'!$A$2:$A$400,$A$25,'데이터_SS일별'!$C$2:$C$400,"일반",'데이터_SS일별'!$B$2:$B$400,">="&'가정'!B51,'데이터_SS일별'!$B$2:$B$400,"<="&'가정'!C51) | D38: =SUMIFS('데이터_SS일별'!$F$2:$F$400,'데이터_SS일별'!$A$2:$A$400,$A$25,'데이터_SS일별'!$C$2:$C$400,"일반",'데이터_SS일별'!$B$2:$B$400,">="&'가정'!B52,'데이터_SS일별'!$B$2:$B$400,"<="&'가정'!C52) | E38: =SUMIFS('데이터_SS일별'!$F$2:$F$400,'데이터_SS일별'!$A$2:$A$400,$A$25,'데이터_SS일별'!$C$2:$C$400,"일반",'데이터_SS일별'!$B$2:$B$400,">="&'가정'!B53,'데이터_SS일별'!$B$2:$B$400,"<="&'가정'!C53) | F38: =SUMIFS('데이터_SS일별'!$F$2:$F$400,'데이터_SS일별'!$A$2:$A$400,$A$25,'데이터_SS일별'!$C$2:$C$400,"일반",'데이터_SS일별'!$B$2:$B$400,">="&'가정'!B54,'데이터_SS일별'!$B$2:$B$400,"<="&'가정'!C54) | G38: =SUM(B38:F38) | H38: =SUMIF($B$28:$F$28,H$28,$B38:$F38) | I38: =SUMIF($B$28:$F$28,I$28,$B38:$F38)
A39: (참고) 공동구매 순매출, 집계 제외분(원) | B39: =SUMIFS('데이터_SS일별'!$F$2:$F$400,'데이터_SS일별'!$A$2:$A$400,$A$25,'데이터_SS일별'!$C$2:$C$400,"공구",'데이터_SS일별'!$B$2:$B$400,">="&'가정'!B50,'데이터_SS일별'!$B$2:$B$400,"<="&'가정'!C50) | C39: =SUMIFS('데이터_SS일별'!$F$2:$F$400,'데이터_SS일별'!$A$2:$A$400,$A$25,'데이터_SS일별'!$C$2:$C$400,"공구",'데이터_SS일별'!$B$2:$B$400,">="&'가정'!B51,'데이터_SS일별'!$B$2:$B$400,"<="&'가정'!C51) | D39: =SUMIFS('데이터_SS일별'!$F$2:$F$400,'데이터_SS일별'!$A$2:$A$400,$A$25,'데이터_SS일별'!$C$2:$C$400,"공구",'데이터_SS일별'!$B$2:$B$400,">="&'가정'!B52,'데이터_SS일별'!$B$2:$B$400,"<="&'가정'!C52) | E39: =SUMIFS('데이터_SS일별'!$F$2:$F$400,'데이터_SS일별'!$A$2:$A$400,$A$25,'데이터_SS일별'!$C$2:$C$400,"공구",'데이터_SS일별'!$B$2:$B$400,">="&'가정'!B53,'데이터_SS일별'!$B$2:$B$400,"<="&'가정'!C53) | F39: =SUMIFS('데이터_SS일별'!$F$2:$F$400,'데이터_SS일별'!$A$2:$A$400,$A$25,'데이터_SS일별'!$C$2:$C$400,"공구",'데이터_SS일별'!$B$2:$B$400,">="&'가정'!B54,'데이터_SS일별'!$B$2:$B$400,"<="&'가정'!C54) | G39: =SUM(B39:F39) | H39: =SUMIF($B$28:$F$28,H$28,$B39:$F39) | I39: =SUMIF($B$28:$F$28,I$28,$B39:$F39)
A40: 스스향 광고비(원, 메타 자사몰 제외) | B40: =B30-SUMIFS('데이터_광고'!$E$2:$E$500,'데이터_광고'!$A$2:$A$500,$A$25,'데이터_광고'!$D$2:$D$500,B$26,'데이터_광고'!$B$2:$B$500,"메타 자사몰") | C40: =C30-SUMIFS('데이터_광고'!$E$2:$E$500,'데이터_광고'!$A$2:$A$500,$A$25,'데이터_광고'!$D$2:$D$500,C$26,'데이터_광고'!$B$2:$B$500,"메타 자사몰") | D40: =D30-SUMIFS('데이터_광고'!$E$2:$E$500,'데이터_광고'!$A$2:$A$500,$A$25,'데이터_광고'!$D$2:$D$500,D$26,'데이터_광고'!$B$2:$B$500,"메타 자사몰") | E40: =E30-SUMIFS('데이터_광고'!$E$2:$E$500,'데이터_광고'!$A$2:$A$500,$A$25,'데이터_광고'!$D$2:$D$500,E$26,'데이터_광고'!$B$2:$B$500,"메타 자사몰") | F40: =F30-SUMIFS('데이터_광고'!$E$2:$E$500,'데이터_광고'!$A$2:$A$500,$A$25,'데이터_광고'!$D$2:$D$500,F$26,'데이터_광고'!$B$2:$B$500,"메타 자사몰") | G40: =SUM(B40:F40) | H40: =SUMIF($B$28:$F$28,H$28,$B40:$F40) | I40: =SUMIF($B$28:$F$28,I$28,$B40:$F40)
A41: 스마트스토어 통합 ROAS (순매출÷스스향 광고비) | B41: =IF(B40=0,0,B38/B40) | C41: =IF(C40=0,0,C38/C40) | D41: =IF(D40=0,0,D38/D40) | E41: =IF(E40=0,0,E38/E40) | F41: =IF(F40=0,0,F38/F40) | G41: =IF(G40=0,0,G38/G40) | H41: =IF(H40=0,0,H38/H40) | I41: =IF(I40=0,0,I38/I40)
A46: 아넬라 매체별 ROAS
A47: 매체 | B47: ='가정'!A50 | C47: ='가정'!A51 | D47: ='가정'!A52 | E47: ='가정'!A53 | F47: ='가정'!A54 | G47: 10월 누계 | H47: 상시 구간 | I47: 행사 구간
A48: 파워링크 | B48: =IF(SUMIFS('데이터_광고'!$E$2:$E$500,'데이터_광고'!$A$2:$A$500,$A$4,'데이터_광고'!$B$2:$B$500,$A48,'데이터_광고'!$D$2:$D$500,B$47)=0,0,SUMIFS('데이터_광고'!$I$2:$I$500,'데이터_광고'!$A$2:$A$500,$A$4,'데이터_광고'!$B$2:$B$500,$A48,'데이터_광고'!$D$2:$D$500,B$47)/SUMIFS('데이터_광고'!$E$2:$E$500,'데이터_광고'!$A$2:$A$500,$A$4,'데이터_광고'!$B$2:$B$500,$A48,'데이터_광고'!$D$2:$D$500,B$47)) | C48: =IF(SUMIFS('데이터_광고'!$E$2:$E$500,'데이터_광고'!$A$2:$A$500,$A$4,'데이터_광고'!$B$2:$B$500,$A48,'데이터_광고'!$D$2:$D$500,C$47)=0,0,SUMIFS('데이터_광고'!$I$2:$I$500,'데이터_광고'!$A$2:$A$500,$A$4,'데이터_광고'!$B$2:$B$500,$A48,'데이터_광고'!$D$2:$D$500,C$47)/SUMIFS('데이터_광고'!$E$2:$E$500,'데이터_광고'!$A$2:$A$500,$A$4,'데이터_광고'!$B$2:$B$500,$A48,'데이터_광고'!$D$2:$D$500,C$47)) | D48: =IF(SUMIFS('데이터_광고'!$E$2:$E$500,'데이터_광고'!$A$2:$A$500,$A$4,'데이터_광고'!$B$2:$B$500,$A48,'데이터_광고'!$D$2:$D$500,D$47)=0,0,SUMIFS('데이터_광고'!$I$2:$I$500,'데이터_광고'!$A$2:$A$500,$A$4,'데이터_광고'!$B$2:$B$500,$A48,'데이터_광고'!$D$2:$D$500,D$47)/SUMIFS('데이터_광고'!$E$2:$E$500,'데이터_광고'!$A$2:$A$500,$A$4,'데이터_광고'!$B$2:$B$500,$A48,'데이터_광고'!$D$2:$D$500,D$47)) | E48: =IF(SUMIFS('데이터_광고'!$E$2:$E$500,'데이터_광고'!$A$2:$A$500,$A$4,'데이터_광고'!$B$2:$B$500,$A48,'데이터_광고'!$D$2:$D$500,E$47)=0,0,SUMIFS('데이터_광고'!$I$2:$I$500,'데이터_광고'!$A$2:$A$500,$A$4,'데이터_광고'!$B$2:$B$500,$A48,'데이터_광고'!$D$2:$D$500,E$47)/SUMIFS('데이터_광고'!$E$2:$E$500,'데이터_광고'!$A$2:$A$500,$A$4,'데이터_광고'!$B$2:$B$500,$A48,'데이터_광고'!$D$2:$D$500,E$47)) | F48: =IF(SUMIFS('데이터_광고'!$E$2:$E$500,'데이터_광고'!$A$2:$A$500,$A$4,'데이터_광고'!$B$2:$B$500,$A48,'데이터_광고'!$D$2:$D$500,F$47)=0,0,SUMIFS('데이터_광고'!$I$2:$I$500,'데이터_광고'!$A$2:$A$500,$A$4,'데이터_광고'!$B$2:$B$500,$A48,'데이터_광고'!$D$2:$D$500,F$47)/SUMIFS('데이터_광고'!$E$2:$E$500,'데이터_광고'!$A$2:$A$500,$A$4,'데이터_광고'!$B$2:$B$500,$A48,'데이터_광고'!$D$2:$D$500,F$47)) | G48: =IF(SUMIFS('데이터_광고'!$E$2:$E$500,'데이터_광고'!$A$2:$A$500,$A$4,'데이터_광고'!$B$2:$B$500,$A48)=0,0,SUMIFS('데이터_광고'!$I$2:$I$500,'데이터_광고'!$A$2:$A$500,$A$4,'데이터_광고'!$B$2:$B$500,$A48)/SUMIFS('데이터_광고'!$E$2:$E$500,'데이터_광고'!$A$2:$A$500,$A$4,'데이터_광고'!$B$2:$B$500,$A48)) | H48: =IF(SUMIFS('데이터_광고'!$E$2:$E$500,'데이터_광고'!$A$2:$A$500,$A$4,'데이터_광고'!$B$2:$B$500,$A48,'데이터_광고'!$J$2:$J$500,"상시")=0,0,SUMIFS('데이터_광고'!$I$2:$I$500,'데이터_광고'!$A$2:$A$500,$A$4,'데이터_광고'!$B$2:$B$500,$A48,'데이터_광고'!$J$2:$J$500,"상시")/SUMIFS('데이터_광고'!$E$2:$E$500,'데이터_광고'!$A$2:$A$500,$A$4,'데이터_광고'!$B$2:$B$500,$A48,'데이터_광고'!$J$2:$J$500,"상시")) | I48: =IF(SUMIFS('데이터_광고'!$E$2:$E$500,'데이터_광고'!$A$2:$A$500,$A$4,'데이터_광고'!$B$2:$B$500,$A48,'데이터_광고'!$J$2:$J$500,"행사")=0,0,SUMIFS('데이터_광고'!$I$2:$I$500,'데이터_광고'!$A$2:$A$500,$A$4,'데이터_광고'!$B$2:$B$500,$A48,'데이터_광고'!$J$2:$J$500,"행사")/SUMIFS('데이터_광고'!$E$2:$E$500,'데이터_광고'!$A$2:$A$500,$A$4,'데이터_광고'!$B$2:$B$500,$A48,'데이터_광고'!$J$2:$J$500,"행사"))
A49: 쇼핑검색 | B49: =IF(SUMIFS('데이터_광고'!$E$2:$E$500,'데이터_광고'!$A$2:$A$500,$A$4,'데이터_광고'!$B$2:$B$500,$A49,'데이터_광고'!$D$2:$D$500,B$47)=0,0,SUMIFS('데이터_광고'!$I$2:$I$500,'데이터_광고'!$A$2:$A$500,$A$4,'데이터_광고'!$B$2:$B$500,$A49,'데이터_광고'!$D$2:$D$500,B$47)/SUMIFS('데이터_광고'!$E$2:$E$500,'데이터_광고'!$A$2:$A$500,$A$4,'데이터_광고'!$B$2:$B$500,$A49,'데이터_광고'!$D$2:$D$500,B$47)) | C49: =IF(SUMIFS('데이터_광고'!$E$2:$E$500,'데이터_광고'!$A$2:$A$500,$A$4,'데이터_광고'!$B$2:$B$500,$A49,'데이터_광고'!$D$2:$D$500,C$47)=0,0,SUMIFS('데이터_광고'!$I$2:$I$500,'데이터_광고'!$A$2:$A$500,$A$4,'데이터_광고'!$B$2:$B$500,$A49,'데이터_광고'!$D$2:$D$500,C$47)/SUMIFS('데이터_광고'!$E$2:$E$500,'데이터_광고'!$A$2:$A$500,$A$4,'데이터_광고'!$B$2:$B$500,$A49,'데이터_광고'!$D$2:$D$500,C$47)) | D49: =IF(SUMIFS('데이터_광고'!$E$2:$E$500,'데이터_광고'!$A$2:$A$500,$A$4,'데이터_광고'!$B$2:$B$500,$A49,'데이터_광고'!$D$2:$D$500,D$47)=0,0,SUMIFS('데이터_광고'!$I$2:$I$500,'데이터_광고'!$A$2:$A$500,$A$4,'데이터_광고'!$B$2:$B$500,$A49,'데이터_광고'!$D$2:$D$500,D$47)/SUMIFS('데이터_광고'!$E$2:$E$500,'데이터_광고'!$A$2:$A$500,$A$4,'데이터_광고'!$B$2:$B$500,$A49,'데이터_광고'!$D$2:$D$500,D$47)) | E49: =IF(SUMIFS('데이터_광고'!$E$2:$E$500,'데이터_광고'!$A$2:$A$500,$A$4,'데이터_광고'!$B$2:$B$500,$A49,'데이터_광고'!$D$2:$D$500,E$47)=0,0,SUMIFS('데이터_광고'!$I$2:$I$500,'데이터_광고'!$A$2:$A$500,$A$4,'데이터_광고'!$B$2:$B$500,$A49,'데이터_광고'!$D$2:$D$500,E$47)/SUMIFS('데이터_광고'!$E$2:$E$500,'데이터_광고'!$A$2:$A$500,$A$4,'데이터_광고'!$B$2:$B$500,$A49,'데이터_광고'!$D$2:$D$500,E$47)) | F49: =IF(SUMIFS('데이터_광고'!$E$2:$E$500,'데이터_광고'!$A$2:$A$500,$A$4,'데이터_광고'!$B$2:$B$500,$A49,'데이터_광고'!$D$2:$D$500,F$47)=0,0,SUMIFS('데이터_광고'!$I$2:$I$500,'데이터_광고'!$A$2:$A$500,$A$4,'데이터_광고'!$B$2:$B$500,$A49,'데이터_광고'!$D$2:$D$500,F$47)/SUMIFS('데이터_광고'!$E$2:$E$500,'데이터_광고'!$A$2:$A$500,$A$4,'데이터_광고'!$B$2:$B$500,$A49,'데이터_광고'!$D$2:$D$500,F$47)) | G49: =IF(SUMIFS('데이터_광고'!$E$2:$E$500,'데이터_광고'!$A$2:$A$500,$A$4,'데이터_광고'!$B$2:$B$500,$A49)=0,0,SUMIFS('데이터_광고'!$I$2:$I$500,'데이터_광고'!$A$2:$A$500,$A$4,'데이터_광고'!$B$2:$B$500,$A49)/SUMIFS('데이터_광고'!$E$2:$E$500,'데이터_광고'!$A$2:$A$500,$A$4,'데이터_광고'!$B$2:$B$500,$A49)) | H49: =IF(SUMIFS('데이터_광고'!$E$2:$E$500,'데이터_광고'!$A$2:$A$500,$A$4,'데이터_광고'!$B$2:$B$500,$A49,'데이터_광고'!$J$2:$J$500,"상시")=0,0,SUMIFS('데이터_광고'!$I$2:$I$500,'데이터_광고'!$A$2:$A$500,$A$4,'데이터_광고'!$B$2:$B$500,$A49,'데이터_광고'!$J$2:$J$500,"상시")/SUMIFS('데이터_광고'!$E$2:$E$500,'데이터_광고'!$A$2:$A$500,$A$4,'데이터_광고'!$B$2:$B$500,$A49,'데이터_광고'!$J$2:$J$500,"상시")) | I49: =IF(SUMIFS('데이터_광고'!$E$2:$E$500,'데이터_광고'!$A$2:$A$500,$A$4,'데이터_광고'!$B$2:$B$500,$A49,'데이터_광고'!$J$2:$J$500,"행사")=0,0,SUMIFS('데이터_광고'!$I$2:$I$500,'데이터_광고'!$A$2:$A$500,$A$4,'데이터_광고'!$B$2:$B$500,$A49,'데이터_광고'!$J$2:$J$500,"행사")/SUMIFS('데이터_광고'!$E$2:$E$500,'데이터_광고'!$A$2:$A$500,$A$4,'데이터_광고'!$B$2:$B$500,$A49,'데이터_광고'!$J$2:$J$500,"행사"))
A50: 브랜드검색 | B50: =IF(SUMIFS('데이터_광고'!$E$2:$E$500,'데이터_광고'!$A$2:$A$500,$A$4,'데이터_광고'!$B$2:$B$500,$A50,'데이터_광고'!$D$2:$D$500,B$47)=0,0,SUMIFS('데이터_광고'!$I$2:$I$500,'데이터_광고'!$A$2:$A$500,$A$4,'데이터_광고'!$B$2:$B$500,$A50,'데이터_광고'!$D$2:$D$500,B$47)/SUMIFS('데이터_광고'!$E$2:$E$500,'데이터_광고'!$A$2:$A$500,$A$4,'데이터_광고'!$B$2:$B$500,$A50,'데이터_광고'!$D$2:$D$500,B$47)) | C50: =IF(SUMIFS('데이터_광고'!$E$2:$E$500,'데이터_광고'!$A$2:$A$500,$A$4,'데이터_광고'!$B$2:$B$500,$A50,'데이터_광고'!$D$2:$D$500,C$47)=0,0,SUMIFS('데이터_광고'!$I$2:$I$500,'데이터_광고'!$A$2:$A$500,$A$4,'데이터_광고'!$B$2:$B$500,$A50,'데이터_광고'!$D$2:$D$500,C$47)/SUMIFS('데이터_광고'!$E$2:$E$500,'데이터_광고'!$A$2:$A$500,$A$4,'데이터_광고'!$B$2:$B$500,$A50,'데이터_광고'!$D$2:$D$500,C$47)) | D50: =IF(SUMIFS('데이터_광고'!$E$2:$E$500,'데이터_광고'!$A$2:$A$500,$A$4,'데이터_광고'!$B$2:$B$500,$A50,'데이터_광고'!$D$2:$D$500,D$47)=0,0,SUMIFS('데이터_광고'!$I$2:$I$500,'데이터_광고'!$A$2:$A$500,$A$4,'데이터_광고'!$B$2:$B$500,$A50,'데이터_광고'!$D$2:$D$500,D$47)/SUMIFS('데이터_광고'!$E$2:$E$500,'데이터_광고'!$A$2:$A$500,$A$4,'데이터_광고'!$B$2:$B$500,$A50,'데이터_광고'!$D$2:$D$500,D$47)) | E50: =IF(SUMIFS('데이터_광고'!$E$2:$E$500,'데이터_광고'!$A$2:$A$500,$A$4,'데이터_광고'!$B$2:$B$500,$A50,'데이터_광고'!$D$2:$D$500,E$47)=0,0,SUMIFS('데이터_광고'!$I$2:$I$500,'데이터_광고'!$A$2:$A$500,$A$4,'데이터_광고'!$B$2:$B$500,$A50,'데이터_광고'!$D$2:$D$500,E$47)/SUMIFS('데이터_광고'!$E$2:$E$500,'데이터_광고'!$A$2:$A$500,$A$4,'데이터_광고'!$B$2:$B$500,$A50,'데이터_광고'!$D$2:$D$500,E$47)) | F50: =IF(SUMIFS('데이터_광고'!$E$2:$E$500,'데이터_광고'!$A$2:$A$500,$A$4,'데이터_광고'!$B$2:$B$500,$A50,'데이터_광고'!$D$2:$D$500,F$47)=0,0,SUMIFS('데이터_광고'!$I$2:$I$500,'데이터_광고'!$A$2:$A$500,$A$4,'데이터_광고'!$B$2:$B$500,$A50,'데이터_광고'!$D$2:$D$500,F$47)/SUMIFS('데이터_광고'!$E$2:$E$500,'데이터_광고'!$A$2:$A$500,$A$4,'데이터_광고'!$B$2:$B$500,$A50,'데이터_광고'!$D$2:$D$500,F$47)) | G50: =IF(SUMIFS('데이터_광고'!$E$2:$E$500,'데이터_광고'!$A$2:$A$500,$A$4,'데이터_광고'!$B$2:$B$500,$A50)=0,0,SUMIFS('데이터_광고'!$I$2:$I$500,'데이터_광고'!$A$2:$A$500,$A$4,'데이터_광고'!$B$2:$B$500,$A50)/SUMIFS('데이터_광고'!$E$2:$E$500,'데이터_광고'!$A$2:$A$500,$A$4,'데이터_광고'!$B$2:$B$500,$A50)) | H50: =IF(SUMIFS('데이터_광고'!$E$2:$E$500,'데이터_광고'!$A$2:$A$500,$A$4,'데이터_광고'!$B$2:$B$500,$A50,'데이터_광고'!$J$2:$J$500,"상시")=0,0,SUMIFS('데이터_광고'!$I$2:$I$500,'데이터_광고'!$A$2:$A$500,$A$4,'데이터_광고'!$B$2:$B$500,$A50,'데이터_광고'!$J$2:$J$500,"상시")/SUMIFS('데이터_광고'!$E$2:$E$500,'데이터_광고'!$A$2:$A$500,$A$4,'데이터_광고'!$B$2:$B$500,$A50,'데이터_광고'!$J$2:$J$500,"상시")) | I50: =IF(SUMIFS('데이터_광고'!$E$2:$E$500,'데이터_광고'!$A$2:$A$500,$A$4,'데이터_광고'!$B$2:$B$500,$A50,'데이터_광고'!$J$2:$J$500,"행사")=0,0,SUMIFS('데이터_광고'!$I$2:$I$500,'데이터_광고'!$A$2:$A$500,$A$4,'데이터_광고'!$B$2:$B$500,$A50,'데이터_광고'!$J$2:$J$500,"행사")/SUMIFS('데이터_광고'!$E$2:$E$500,'데이터_광고'!$A$2:$A$500,$A$4,'데이터_광고'!$B$2:$B$500,$A50,'데이터_광고'!$J$2:$J$500,"행사"))
A51: GFA 카탈로그 | B51: =IF(SUMIFS('데이터_광고'!$E$2:$E$500,'데이터_광고'!$A$2:$A$500,$A$4,'데이터_광고'!$B$2:$B$500,$A51,'데이터_광고'!$D$2:$D$500,B$47)=0,0,SUMIFS('데이터_광고'!$I$2:$I$500,'데이터_광고'!$A$2:$A$500,$A$4,'데이터_광고'!$B$2:$B$500,$A51,'데이터_광고'!$D$2:$D$500,B$47)/SUMIFS('데이터_광고'!$E$2:$E$500,'데이터_광고'!$A$2:$A$500,$A$4,'데이터_광고'!$B$2:$B$500,$A51,'데이터_광고'!$D$2:$D$500,B$47)) | C51: =IF(SUMIFS('데이터_광고'!$E$2:$E$500,'데이터_광고'!$A$2:$A$500,$A$4,'데이터_광고'!$B$2:$B$500,$A51,'데이터_광고'!$D$2:$D$500,C$47)=0,0,SUMIFS('데이터_광고'!$I$2:$I$500,'데이터_광고'!$A$2:$A$500,$A$4,'데이터_광고'!$B$2:$B$500,$A51,'데이터_광고'!$D$2:$D$500,C$47)/SUMIFS('데이터_광고'!$E$2:$E$500,'데이터_광고'!$A$2:$A$500,$A$4,'데이터_광고'!$B$2:$B$500,$A51,'데이터_광고'!$D$2:$D$500,C$47)) | D51: =IF(SUMIFS('데이터_광고'!$E$2:$E$500,'데이터_광고'!$A$2:$A$500,$A$4,'데이터_광고'!$B$2:$B$500,$A51,'데이터_광고'!$D$2:$D$500,D$47)=0,0,SUMIFS('데이터_광고'!$I$2:$I$500,'데이터_광고'!$A$2:$A$500,$A$4,'데이터_광고'!$B$2:$B$500,$A51,'데이터_광고'!$D$2:$D$500,D$47)/SUMIFS('데이터_광고'!$E$2:$E$500,'데이터_광고'!$A$2:$A$500,$A$4,'데이터_광고'!$B$2:$B$500,$A51,'데이터_광고'!$D$2:$D$500,D$47)) | E51: =IF(SUMIFS('데이터_광고'!$E$2:$E$500,'데이터_광고'!$A$2:$A$500,$A$4,'데이터_광고'!$B$2:$B$500,$A51,'데이터_광고'!$D$2:$D$500,E$47)=0,0,SUMIFS('데이터_광고'!$I$2:$I$500,'데이터_광고'!$A$2:$A$500,$A$4,'데이터_광고'!$B$2:$B$500,$A51,'데이터_광고'!$D$2:$D$500,E$47)/SUMIFS('데이터_광고'!$E$2:$E$500,'데이터_광고'!$A$2:$A$500,$A$4,'데이터_광고'!$B$2:$B$500,$A51,'데이터_광고'!$D$2:$D$500,E$47)) | F51: =IF(SUMIFS('데이터_광고'!$E$2:$E$500,'데이터_광고'!$A$2:$A$500,$A$4,'데이터_광고'!$B$2:$B$500,$A51,'데이터_광고'!$D$2:$D$500,F$47)=0,0,SUMIFS('데이터_광고'!$I$2:$I$500,'데이터_광고'!$A$2:$A$500,$A$4,'데이터_광고'!$B$2:$B$500,$A51,'데이터_광고'!$D$2:$D$500,F$47)/SUMIFS('데이터_광고'!$E$2:$E$500,'데이터_광고'!$A$2:$A$500,$A$4,'데이터_광고'!$B$2:$B$500,$A51,'데이터_광고'!$D$2:$D$500,F$47)) | G51: =IF(SUMIFS('데이터_광고'!$E$2:$E$500,'데이터_광고'!$A$2:$A$500,$A$4,'데이터_광고'!$B$2:$B$500,$A51)=0,0,SUMIFS('데이터_광고'!$I$2:$I$500,'데이터_광고'!$A$2:$A$500,$A$4,'데이터_광고'!$B$2:$B$500,$A51)/SUMIFS('데이터_광고'!$E$2:$E$500,'데이터_광고'!$A$2:$A$500,$A$4,'데이터_광고'!$B$2:$B$500,$A51)) | H51: =IF(SUMIFS('데이터_광고'!$E$2:$E$500,'데이터_광고'!$A$2:$A$500,$A$4,'데이터_광고'!$B$2:$B$500,$A51,'데이터_광고'!$J$2:$J$500,"상시")=0,0,SUMIFS('데이터_광고'!$I$2:$I$500,'데이터_광고'!$A$2:$A$500,$A$4,'데이터_광고'!$B$2:$B$500,$A51,'데이터_광고'!$J$2:$J$500,"상시")/SUMIFS('데이터_광고'!$E$2:$E$500,'데이터_광고'!$A$2:$A$500,$A$4,'데이터_광고'!$B$2:$B$500,$A51,'데이터_광고'!$J$2:$J$500,"상시")) | I51: =IF(SUMIFS('데이터_광고'!$E$2:$E$500,'데이터_광고'!$A$2:$A$500,$A$4,'데이터_광고'!$B$2:$B$500,$A51,'데이터_광고'!$J$2:$J$500,"행사")=0,0,SUMIFS('데이터_광고'!$I$2:$I$500,'데이터_광고'!$A$2:$A$500,$A$4,'데이터_광고'!$B$2:$B$500,$A51,'데이터_광고'!$J$2:$J$500,"행사")/SUMIFS('데이터_광고'!$E$2:$E$500,'데이터_광고'!$A$2:$A$500,$A$4,'데이터_광고'!$B$2:$B$500,$A51,'데이터_광고'!$J$2:$J$500,"행사"))
A52: GFA 전환 | B52: =IF(SUMIFS('데이터_광고'!$E$2:$E$500,'데이터_광고'!$A$2:$A$500,$A$4,'데이터_광고'!$B$2:$B$500,$A52,'데이터_광고'!$D$2:$D$500,B$47)=0,0,SUMIFS('데이터_광고'!$I$2:$I$500,'데이터_광고'!$A$2:$A$500,$A$4,'데이터_광고'!$B$2:$B$500,$A52,'데이터_광고'!$D$2:$D$500,B$47)/SUMIFS('데이터_광고'!$E$2:$E$500,'데이터_광고'!$A$2:$A$500,$A$4,'데이터_광고'!$B$2:$B$500,$A52,'데이터_광고'!$D$2:$D$500,B$47)) | C52: =IF(SUMIFS('데이터_광고'!$E$2:$E$500,'데이터_광고'!$A$2:$A$500,$A$4,'데이터_광고'!$B$2:$B$500,$A52,'데이터_광고'!$D$2:$D$500,C$47)=0,0,SUMIFS('데이터_광고'!$I$2:$I$500,'데이터_광고'!$A$2:$A$500,$A$4,'데이터_광고'!$B$2:$B$500,$A52,'데이터_광고'!$D$2:$D$500,C$47)/SUMIFS('데이터_광고'!$E$2:$E$500,'데이터_광고'!$A$2:$A$500,$A$4,'데이터_광고'!$B$2:$B$500,$A52,'데이터_광고'!$D$2:$D$500,C$47)) | D52: =IF(SUMIFS('데이터_광고'!$E$2:$E$500,'데이터_광고'!$A$2:$A$500,$A$4,'데이터_광고'!$B$2:$B$500,$A52,'데이터_광고'!$D$2:$D$500,D$47)=0,0,SUMIFS('데이터_광고'!$I$2:$I$500,'데이터_광고'!$A$2:$A$500,$A$4,'데이터_광고'!$B$2:$B$500,$A52,'데이터_광고'!$D$2:$D$500,D$47)/SUMIFS('데이터_광고'!$E$2:$E$500,'데이터_광고'!$A$2:$A$500,$A$4,'데이터_광고'!$B$2:$B$500,$A52,'데이터_광고'!$D$2:$D$500,D$47)) | E52: =IF(SUMIFS('데이터_광고'!$E$2:$E$500,'데이터_광고'!$A$2:$A$500,$A$4,'데이터_광고'!$B$2:$B$500,$A52,'데이터_광고'!$D$2:$D$500,E$47)=0,0,SUMIFS('데이터_광고'!$I$2:$I$500,'데이터_광고'!$A$2:$A$500,$A$4,'데이터_광고'!$B$2:$B$500,$A52,'데이터_광고'!$D$2:$D$500,E$47)/SUMIFS('데이터_광고'!$E$2:$E$500,'데이터_광고'!$A$2:$A$500,$A$4,'데이터_광고'!$B$2:$B$500,$A52,'데이터_광고'!$D$2:$D$500,E$47)) | F52: =IF(SUMIFS('데이터_광고'!$E$2:$E$500,'데이터_광고'!$A$2:$A$500,$A$4,'데이터_광고'!$B$2:$B$500,$A52,'데이터_광고'!$D$2:$D$500,F$47)=0,0,SUMIFS('데이터_광고'!$I$2:$I$500,'데이터_광고'!$A$2:$A$500,$A$4,'데이터_광고'!$B$2:$B$500,$A52,'데이터_광고'!$D$2:$D$500,F$47)/SUMIFS('데이터_광고'!$E$2:$E$500,'데이터_광고'!$A$2:$A$500,$A$4,'데이터_광고'!$B$2:$B$500,$A52,'데이터_광고'!$D$2:$D$500,F$47)) | G52: =IF(SUMIFS('데이터_광고'!$E$2:$E$500,'데이터_광고'!$A$2:$A$500,$A$4,'데이터_광고'!$B$2:$B$500,$A52)=0,0,SUMIFS('데이터_광고'!$I$2:$I$500,'데이터_광고'!$A$2:$A$500,$A$4,'데이터_광고'!$B$2:$B$500,$A52)/SUMIFS('데이터_광고'!$E$2:$E$500,'데이터_광고'!$A$2:$A$500,$A$4,'데이터_광고'!$B$2:$B$500,$A52)) | H52: =IF(SUMIFS('데이터_광고'!$E$2:$E$500,'데이터_광고'!$A$2:$A$500,$A$4,'데이터_광고'!$B$2:$B$500,$A52,'데이터_광고'!$J$2:$J$500,"상시")=0,0,SUMIFS('데이터_광고'!$I$2:$I$500,'데이터_광고'!$A$2:$A$500,$A$4,'데이터_광고'!$B$2:$B$500,$A52,'데이터_광고'!$J$2:$J$500,"상시")/SUMIFS('데이터_광고'!$E$2:$E$500,'데이터_광고'!$A$2:$A$500,$A$4,'데이터_광고'!$B$2:$B$500,$A52,'데이터_광고'!$J$2:$J$500,"상시")) | I52: =IF(SUMIFS('데이터_광고'!$E$2:$E$500,'데이터_광고'!$A$2:$A$500,$A$4,'데이터_광고'!$B$2:$B$500,$A52,'데이터_광고'!$J$2:$J$500,"행사")=0,0,SUMIFS('데이터_광고'!$I$2:$I$500,'데이터_광고'!$A$2:$A$500,$A$4,'데이터_광고'!$B$2:$B$500,$A52,'데이터_광고'!$J$2:$J$500,"행사")/SUMIFS('데이터_광고'!$E$2:$E$500,'데이터_광고'!$A$2:$A$500,$A$4,'데이터_광고'!$B$2:$B$500,$A52,'데이터_광고'!$J$2:$J$500,"행사"))
A53: 메타 스스 | B53: =IF(SUMIFS('데이터_광고'!$E$2:$E$500,'데이터_광고'!$A$2:$A$500,$A$4,'데이터_광고'!$B$2:$B$500,$A53,'데이터_광고'!$D$2:$D$500,B$47)=0,0,SUMIFS('데이터_광고'!$I$2:$I$500,'데이터_광고'!$A$2:$A$500,$A$4,'데이터_광고'!$B$2:$B$500,$A53,'데이터_광고'!$D$2:$D$500,B$47)/SUMIFS('데이터_광고'!$E$2:$E$500,'데이터_광고'!$A$2:$A$500,$A$4,'데이터_광고'!$B$2:$B$500,$A53,'데이터_광고'!$D$2:$D$500,B$47)) | C53: =IF(SUMIFS('데이터_광고'!$E$2:$E$500,'데이터_광고'!$A$2:$A$500,$A$4,'데이터_광고'!$B$2:$B$500,$A53,'데이터_광고'!$D$2:$D$500,C$47)=0,0,SUMIFS('데이터_광고'!$I$2:$I$500,'데이터_광고'!$A$2:$A$500,$A$4,'데이터_광고'!$B$2:$B$500,$A53,'데이터_광고'!$D$2:$D$500,C$47)/SUMIFS('데이터_광고'!$E$2:$E$500,'데이터_광고'!$A$2:$A$500,$A$4,'데이터_광고'!$B$2:$B$500,$A53,'데이터_광고'!$D$2:$D$500,C$47)) | D53: =IF(SUMIFS('데이터_광고'!$E$2:$E$500,'데이터_광고'!$A$2:$A$500,$A$4,'데이터_광고'!$B$2:$B$500,$A53,'데이터_광고'!$D$2:$D$500,D$47)=0,0,SUMIFS('데이터_광고'!$I$2:$I$500,'데이터_광고'!$A$2:$A$500,$A$4,'데이터_광고'!$B$2:$B$500,$A53,'데이터_광고'!$D$2:$D$500,D$47)/SUMIFS('데이터_광고'!$E$2:$E$500,'데이터_광고'!$A$2:$A$500,$A$4,'데이터_광고'!$B$2:$B$500,$A53,'데이터_광고'!$D$2:$D$500,D$47)) | E53: =IF(SUMIFS('데이터_광고'!$E$2:$E$500,'데이터_광고'!$A$2:$A$500,$A$4,'데이터_광고'!$B$2:$B$500,$A53,'데이터_광고'!$D$2:$D$500,E$47)=0,0,SUMIFS('데이터_광고'!$I$2:$I$500,'데이터_광고'!$A$2:$A$500,$A$4,'데이터_광고'!$B$2:$B$500,$A53,'데이터_광고'!$D$2:$D$500,E$47)/SUMIFS('데이터_광고'!$E$2:$E$500,'데이터_광고'!$A$2:$A$500,$A$4,'데이터_광고'!$B$2:$B$500,$A53,'데이터_광고'!$D$2:$D$500,E$47)) | F53: =IF(SUMIFS('데이터_광고'!$E$2:$E$500,'데이터_광고'!$A$2:$A$500,$A$4,'데이터_광고'!$B$2:$B$500,$A53,'데이터_광고'!$D$2:$D$500,F$47)=0,0,SUMIFS('데이터_광고'!$I$2:$I$500,'데이터_광고'!$A$2:$A$500,$A$4,'데이터_광고'!$B$2:$B$500,$A53,'데이터_광고'!$D$2:$D$500,F$47)/SUMIFS('데이터_광고'!$E$2:$E$500,'데이터_광고'!$A$2:$A$500,$A$4,'데이터_광고'!$B$2:$B$500,$A53,'데이터_광고'!$D$2:$D$500,F$47)) | G53: =IF(SUMIFS('데이터_광고'!$E$2:$E$500,'데이터_광고'!$A$2:$A$500,$A$4,'데이터_광고'!$B$2:$B$500,$A53)=0,0,SUMIFS('데이터_광고'!$I$2:$I$500,'데이터_광고'!$A$2:$A$500,$A$4,'데이터_광고'!$B$2:$B$500,$A53)/SUMIFS('데이터_광고'!$E$2:$E$500,'데이터_광고'!$A$2:$A$500,$A$4,'데이터_광고'!$B$2:$B$500,$A53)) | H53: =IF(SUMIFS('데이터_광고'!$E$2:$E$500,'데이터_광고'!$A$2:$A$500,$A$4,'데이터_광고'!$B$2:$B$500,$A53,'데이터_광고'!$J$2:$J$500,"상시")=0,0,SUMIFS('데이터_광고'!$I$2:$I$500,'데이터_광고'!$A$2:$A$500,$A$4,'데이터_광고'!$B$2:$B$500,$A53,'데이터_광고'!$J$2:$J$500,"상시")/SUMIFS('데이터_광고'!$E$2:$E$500,'데이터_광고'!$A$2:$A$500,$A$4,'데이터_광고'!$B$2:$B$500,$A53,'데이터_광고'!$J$2:$J$500,"상시")) | I53: =IF(SUMIFS('데이터_광고'!$E$2:$E$500,'데이터_광고'!$A$2:$A$500,$A$4,'데이터_광고'!$B$2:$B$500,$A53,'데이터_광고'!$J$2:$J$500,"행사")=0,0,SUMIFS('데이터_광고'!$I$2:$I$500,'데이터_광고'!$A$2:$A$500,$A$4,'데이터_광고'!$B$2:$B$500,$A53,'데이터_광고'!$J$2:$J$500,"행사")/SUMIFS('데이터_광고'!$E$2:$E$500,'데이터_광고'!$A$2:$A$500,$A$4,'데이터_광고'!$B$2:$B$500,$A53,'데이터_광고'!$J$2:$J$500,"행사"))
A54: 메타 자사몰 | B54: =IF(SUMIFS('데이터_광고'!$E$2:$E$500,'데이터_광고'!$A$2:$A$500,$A$4,'데이터_광고'!$B$2:$B$500,$A54,'데이터_광고'!$D$2:$D$500,B$47)=0,0,SUMIFS('데이터_광고'!$I$2:$I$500,'데이터_광고'!$A$2:$A$500,$A$4,'데이터_광고'!$B$2:$B$500,$A54,'데이터_광고'!$D$2:$D$500,B$47)/SUMIFS('데이터_광고'!$E$2:$E$500,'데이터_광고'!$A$2:$A$500,$A$4,'데이터_광고'!$B$2:$B$500,$A54,'데이터_광고'!$D$2:$D$500,B$47)) | C54: =IF(SUMIFS('데이터_광고'!$E$2:$E$500,'데이터_광고'!$A$2:$A$500,$A$4,'데이터_광고'!$B$2:$B$500,$A54,'데이터_광고'!$D$2:$D$500,C$47)=0,0,SUMIFS('데이터_광고'!$I$2:$I$500,'데이터_광고'!$A$2:$A$500,$A$4,'데이터_광고'!$B$2:$B$500,$A54,'데이터_광고'!$D$2:$D$500,C$47)/SUMIFS('데이터_광고'!$E$2:$E$500,'데이터_광고'!$A$2:$A$500,$A$4,'데이터_광고'!$B$2:$B$500,$A54,'데이터_광고'!$D$2:$D$500,C$47)) | D54: =IF(SUMIFS('데이터_광고'!$E$2:$E$500,'데이터_광고'!$A$2:$A$500,$A$4,'데이터_광고'!$B$2:$B$500,$A54,'데이터_광고'!$D$2:$D$500,D$47)=0,0,SUMIFS('데이터_광고'!$I$2:$I$500,'데이터_광고'!$A$2:$A$500,$A$4,'데이터_광고'!$B$2:$B$500,$A54,'데이터_광고'!$D$2:$D$500,D$47)/SUMIFS('데이터_광고'!$E$2:$E$500,'데이터_광고'!$A$2:$A$500,$A$4,'데이터_광고'!$B$2:$B$500,$A54,'데이터_광고'!$D$2:$D$500,D$47)) | E54: =IF(SUMIFS('데이터_광고'!$E$2:$E$500,'데이터_광고'!$A$2:$A$500,$A$4,'데이터_광고'!$B$2:$B$500,$A54,'데이터_광고'!$D$2:$D$500,E$47)=0,0,SUMIFS('데이터_광고'!$I$2:$I$500,'데이터_광고'!$A$2:$A$500,$A$4,'데이터_광고'!$B$2:$B$500,$A54,'데이터_광고'!$D$2:$D$500,E$47)/SUMIFS('데이터_광고'!$E$2:$E$500,'데이터_광고'!$A$2:$A$500,$A$4,'데이터_광고'!$B$2:$B$500,$A54,'데이터_광고'!$D$2:$D$500,E$47)) | F54: =IF(SUMIFS('데이터_광고'!$E$2:$E$500,'데이터_광고'!$A$2:$A$500,$A$4,'데이터_광고'!$B$2:$B$500,$A54,'데이터_광고'!$D$2:$D$500,F$47)=0,0,SUMIFS('데이터_광고'!$I$2:$I$500,'데이터_광고'!$A$2:$A$500,$A$4,'데이터_광고'!$B$2:$B$500,$A54,'데이터_광고'!$D$2:$D$500,F$47)/SUMIFS('데이터_광고'!$E$2:$E$500,'데이터_광고'!$A$2:$A$500,$A$4,'데이터_광고'!$B$2:$B$500,$A54,'데이터_광고'!$D$2:$D$500,F$47)) | G54: =IF(SUMIFS('데이터_광고'!$E$2:$E$500,'데이터_광고'!$A$2:$A$500,$A$4,'데이터_광고'!$B$2:$B$500,$A54)=0,0,SUMIFS('데이터_광고'!$I$2:$I$500,'데이터_광고'!$A$2:$A$500,$A$4,'데이터_광고'!$B$2:$B$500,$A54)/SUMIFS('데이터_광고'!$E$2:$E$500,'데이터_광고'!$A$2:$A$500,$A$4,'데이터_광고'!$B$2:$B$500,$A54)) | H54: =IF(SUMIFS('데이터_광고'!$E$2:$E$500,'데이터_광고'!$A$2:$A$500,$A$4,'데이터_광고'!$B$2:$B$500,$A54,'데이터_광고'!$J$2:$J$500,"상시")=0,0,SUMIFS('데이터_광고'!$I$2:$I$500,'데이터_광고'!$A$2:$A$500,$A$4,'데이터_광고'!$B$2:$B$500,$A54,'데이터_광고'!$J$2:$J$500,"상시")/SUMIFS('데이터_광고'!$E$2:$E$500,'데이터_광고'!$A$2:$A$500,$A$4,'데이터_광고'!$B$2:$B$500,$A54,'데이터_광고'!$J$2:$J$500,"상시")) | I54: =IF(SUMIFS('데이터_광고'!$E$2:$E$500,'데이터_광고'!$A$2:$A$500,$A$4,'데이터_광고'!$B$2:$B$500,$A54,'데이터_광고'!$J$2:$J$500,"행사")=0,0,SUMIFS('데이터_광고'!$I$2:$I$500,'데이터_광고'!$A$2:$A$500,$A$4,'데이터_광고'!$B$2:$B$500,$A54,'데이터_광고'!$J$2:$J$500,"행사")/SUMIFS('데이터_광고'!$E$2:$E$500,'데이터_광고'!$A$2:$A$500,$A$4,'데이터_광고'!$B$2:$B$500,$A54,'데이터_광고'!$J$2:$J$500,"행사"))
A56: 광고비가 0이면 "-"로 표시합니다. 브랜드검색은 정액 대비 매출이며, GFA 전환 로지오가닉은 10/26 이후만 집행했습니다.
A58: 로지오가닉 매체별 ROAS
A59: 매체 | B59: ='가정'!A50 | C59: ='가정'!A51 | D59: ='가정'!A52 | E59: ='가정'!A53 | F59: ='가정'!A54 | G59: 10월 누계 | H59: 상시 구간 | I59: 행사 구간
A60: 파워링크 | B60: =IF(SUMIFS('데이터_광고'!$E$2:$E$500,'데이터_광고'!$A$2:$A$500,$A$25,'데이터_광고'!$B$2:$B$500,$A60,'데이터_광고'!$D$2:$D$500,B$59)=0,0,SUMIFS('데이터_광고'!$I$2:$I$500,'데이터_광고'!$A$2:$A$500,$A$25,'데이터_광고'!$B$2:$B$500,$A60,'데이터_광고'!$D$2:$D$500,B$59)/SUMIFS('데이터_광고'!$E$2:$E$500,'데이터_광고'!$A$2:$A$500,$A$25,'데이터_광고'!$B$2:$B$500,$A60,'데이터_광고'!$D$2:$D$500,B$59)) | C60: =IF(SUMIFS('데이터_광고'!$E$2:$E$500,'데이터_광고'!$A$2:$A$500,$A$25,'데이터_광고'!$B$2:$B$500,$A60,'데이터_광고'!$D$2:$D$500,C$59)=0,0,SUMIFS('데이터_광고'!$I$2:$I$500,'데이터_광고'!$A$2:$A$500,$A$25,'데이터_광고'!$B$2:$B$500,$A60,'데이터_광고'!$D$2:$D$500,C$59)/SUMIFS('데이터_광고'!$E$2:$E$500,'데이터_광고'!$A$2:$A$500,$A$25,'데이터_광고'!$B$2:$B$500,$A60,'데이터_광고'!$D$2:$D$500,C$59)) | D60: =IF(SUMIFS('데이터_광고'!$E$2:$E$500,'데이터_광고'!$A$2:$A$500,$A$25,'데이터_광고'!$B$2:$B$500,$A60,'데이터_광고'!$D$2:$D$500,D$59)=0,0,SUMIFS('데이터_광고'!$I$2:$I$500,'데이터_광고'!$A$2:$A$500,$A$25,'데이터_광고'!$B$2:$B$500,$A60,'데이터_광고'!$D$2:$D$500,D$59)/SUMIFS('데이터_광고'!$E$2:$E$500,'데이터_광고'!$A$2:$A$500,$A$25,'데이터_광고'!$B$2:$B$500,$A60,'데이터_광고'!$D$2:$D$500,D$59)) | E60: =IF(SUMIFS('데이터_광고'!$E$2:$E$500,'데이터_광고'!$A$2:$A$500,$A$25,'데이터_광고'!$B$2:$B$500,$A60,'데이터_광고'!$D$2:$D$500,E$59)=0,0,SUMIFS('데이터_광고'!$I$2:$I$500,'데이터_광고'!$A$2:$A$500,$A$25,'데이터_광고'!$B$2:$B$500,$A60,'데이터_광고'!$D$2:$D$500,E$59)/SUMIFS('데이터_광고'!$E$2:$E$500,'데이터_광고'!$A$2:$A$500,$A$25,'데이터_광고'!$B$2:$B$500,$A60,'데이터_광고'!$D$2:$D$500,E$59)) | F60: =IF(SUMIFS('데이터_광고'!$E$2:$E$500,'데이터_광고'!$A$2:$A$500,$A$25,'데이터_광고'!$B$2:$B$500,$A60,'데이터_광고'!$D$2:$D$500,F$59)=0,0,SUMIFS('데이터_광고'!$I$2:$I$500,'데이터_광고'!$A$2:$A$500,$A$25,'데이터_광고'!$B$2:$B$500,$A60,'데이터_광고'!$D$2:$D$500,F$59)/SUMIFS('데이터_광고'!$E$2:$E$500,'데이터_광고'!$A$2:$A$500,$A$25,'데이터_광고'!$B$2:$B$500,$A60,'데이터_광고'!$D$2:$D$500,F$59)) | G60: =IF(SUMIFS('데이터_광고'!$E$2:$E$500,'데이터_광고'!$A$2:$A$500,$A$25,'데이터_광고'!$B$2:$B$500,$A60)=0,0,SUMIFS('데이터_광고'!$I$2:$I$500,'데이터_광고'!$A$2:$A$500,$A$25,'데이터_광고'!$B$2:$B$500,$A60)/SUMIFS('데이터_광고'!$E$2:$E$500,'데이터_광고'!$A$2:$A$500,$A$25,'데이터_광고'!$B$2:$B$500,$A60)) | H60: =IF(SUMIFS('데이터_광고'!$E$2:$E$500,'데이터_광고'!$A$2:$A$500,$A$25,'데이터_광고'!$B$2:$B$500,$A60,'데이터_광고'!$J$2:$J$500,"상시")=0,0,SUMIFS('데이터_광고'!$I$2:$I$500,'데이터_광고'!$A$2:$A$500,$A$25,'데이터_광고'!$B$2:$B$500,$A60,'데이터_광고'!$J$2:$J$500,"상시")/SUMIFS('데이터_광고'!$E$2:$E$500,'데이터_광고'!$A$2:$A$500,$A$25,'데이터_광고'!$B$2:$B$500,$A60,'데이터_광고'!$J$2:$J$500,"상시")) | I60: =IF(SUMIFS('데이터_광고'!$E$2:$E$500,'데이터_광고'!$A$2:$A$500,$A$25,'데이터_광고'!$B$2:$B$500,$A60,'데이터_광고'!$J$2:$J$500,"행사")=0,0,SUMIFS('데이터_광고'!$I$2:$I$500,'데이터_광고'!$A$2:$A$500,$A$25,'데이터_광고'!$B$2:$B$500,$A60,'데이터_광고'!$J$2:$J$500,"행사")/SUMIFS('데이터_광고'!$E$2:$E$500,'데이터_광고'!$A$2:$A$500,$A$25,'데이터_광고'!$B$2:$B$500,$A60,'데이터_광고'!$J$2:$J$500,"행사"))
A61: 쇼핑검색 | B61: =IF(SUMIFS('데이터_광고'!$E$2:$E$500,'데이터_광고'!$A$2:$A$500,$A$25,'데이터_광고'!$B$2:$B$500,$A61,'데이터_광고'!$D$2:$D$500,B$59)=0,0,SUMIFS('데이터_광고'!$I$2:$I$500,'데이터_광고'!$A$2:$A$500,$A$25,'데이터_광고'!$B$2:$B$500,$A61,'데이터_광고'!$D$2:$D$500,B$59)/SUMIFS('데이터_광고'!$E$2:$E$500,'데이터_광고'!$A$2:$A$500,$A$25,'데이터_광고'!$B$2:$B$500,$A61,'데이터_광고'!$D$2:$D$500,B$59)) | C61: =IF(SUMIFS('데이터_광고'!$E$2:$E$500,'데이터_광고'!$A$2:$A$500,$A$25,'데이터_광고'!$B$2:$B$500,$A61,'데이터_광고'!$D$2:$D$500,C$59)=0,0,SUMIFS('데이터_광고'!$I$2:$I$500,'데이터_광고'!$A$2:$A$500,$A$25,'데이터_광고'!$B$2:$B$500,$A61,'데이터_광고'!$D$2:$D$500,C$59)/SUMIFS('데이터_광고'!$E$2:$E$500,'데이터_광고'!$A$2:$A$500,$A$25,'데이터_광고'!$B$2:$B$500,$A61,'데이터_광고'!$D$2:$D$500,C$59)) | D61: =IF(SUMIFS('데이터_광고'!$E$2:$E$500,'데이터_광고'!$A$2:$A$500,$A$25,'데이터_광고'!$B$2:$B$500,$A61,'데이터_광고'!$D$2:$D$500,D$59)=0,0,SUMIFS('데이터_광고'!$I$2:$I$500,'데이터_광고'!$A$2:$A$500,$A$25,'데이터_광고'!$B$2:$B$500,$A61,'데이터_광고'!$D$2:$D$500,D$59)/SUMIFS('데이터_광고'!$E$2:$E$500,'데이터_광고'!$A$2:$A$500,$A$25,'데이터_광고'!$B$2:$B$500,$A61,'데이터_광고'!$D$2:$D$500,D$59)) | E61: =IF(SUMIFS('데이터_광고'!$E$2:$E$500,'데이터_광고'!$A$2:$A$500,$A$25,'데이터_광고'!$B$2:$B$500,$A61,'데이터_광고'!$D$2:$D$500,E$59)=0,0,SUMIFS('데이터_광고'!$I$2:$I$500,'데이터_광고'!$A$2:$A$500,$A$25,'데이터_광고'!$B$2:$B$500,$A61,'데이터_광고'!$D$2:$D$500,E$59)/SUMIFS('데이터_광고'!$E$2:$E$500,'데이터_광고'!$A$2:$A$500,$A$25,'데이터_광고'!$B$2:$B$500,$A61,'데이터_광고'!$D$2:$D$500,E$59)) | F61: =IF(SUMIFS('데이터_광고'!$E$2:$E$500,'데이터_광고'!$A$2:$A$500,$A$25,'데이터_광고'!$B$2:$B$500,$A61,'데이터_광고'!$D$2:$D$500,F$59)=0,0,SUMIFS('데이터_광고'!$I$2:$I$500,'데이터_광고'!$A$2:$A$500,$A$25,'데이터_광고'!$B$2:$B$500,$A61,'데이터_광고'!$D$2:$D$500,F$59)/SUMIFS('데이터_광고'!$E$2:$E$500,'데이터_광고'!$A$2:$A$500,$A$25,'데이터_광고'!$B$2:$B$500,$A61,'데이터_광고'!$D$2:$D$500,F$59)) | G61: =IF(SUMIFS('데이터_광고'!$E$2:$E$500,'데이터_광고'!$A$2:$A$500,$A$25,'데이터_광고'!$B$2:$B$500,$A61)=0,0,SUMIFS('데이터_광고'!$I$2:$I$500,'데이터_광고'!$A$2:$A$500,$A$25,'데이터_광고'!$B$2:$B$500,$A61)/SUMIFS('데이터_광고'!$E$2:$E$500,'데이터_광고'!$A$2:$A$500,$A$25,'데이터_광고'!$B$2:$B$500,$A61)) | H61: =IF(SUMIFS('데이터_광고'!$E$2:$E$500,'데이터_광고'!$A$2:$A$500,$A$25,'데이터_광고'!$B$2:$B$500,$A61,'데이터_광고'!$J$2:$J$500,"상시")=0,0,SUMIFS('데이터_광고'!$I$2:$I$500,'데이터_광고'!$A$2:$A$500,$A$25,'데이터_광고'!$B$2:$B$500,$A61,'데이터_광고'!$J$2:$J$500,"상시")/SUMIFS('데이터_광고'!$E$2:$E$500,'데이터_광고'!$A$2:$A$500,$A$25,'데이터_광고'!$B$2:$B$500,$A61,'데이터_광고'!$J$2:$J$500,"상시")) | I61: =IF(SUMIFS('데이터_광고'!$E$2:$E$500,'데이터_광고'!$A$2:$A$500,$A$25,'데이터_광고'!$B$2:$B$500,$A61,'데이터_광고'!$J$2:$J$500,"행사")=0,0,SUMIFS('데이터_광고'!$I$2:$I$500,'데이터_광고'!$A$2:$A$500,$A$25,'데이터_광고'!$B$2:$B$500,$A61,'데이터_광고'!$J$2:$J$500,"행사")/SUMIFS('데이터_광고'!$E$2:$E$500,'데이터_광고'!$A$2:$A$500,$A$25,'데이터_광고'!$B$2:$B$500,$A61,'데이터_광고'!$J$2:$J$500,"행사"))
A62: 브랜드검색 | B62: =IF(SUMIFS('데이터_광고'!$E$2:$E$500,'데이터_광고'!$A$2:$A$500,$A$25,'데이터_광고'!$B$2:$B$500,$A62,'데이터_광고'!$D$2:$D$500,B$59)=0,0,SUMIFS('데이터_광고'!$I$2:$I$500,'데이터_광고'!$A$2:$A$500,$A$25,'데이터_광고'!$B$2:$B$500,$A62,'데이터_광고'!$D$2:$D$500,B$59)/SUMIFS('데이터_광고'!$E$2:$E$500,'데이터_광고'!$A$2:$A$500,$A$25,'데이터_광고'!$B$2:$B$500,$A62,'데이터_광고'!$D$2:$D$500,B$59)) | C62: =IF(SUMIFS('데이터_광고'!$E$2:$E$500,'데이터_광고'!$A$2:$A$500,$A$25,'데이터_광고'!$B$2:$B$500,$A62,'데이터_광고'!$D$2:$D$500,C$59)=0,0,SUMIFS('데이터_광고'!$I$2:$I$500,'데이터_광고'!$A$2:$A$500,$A$25,'데이터_광고'!$B$2:$B$500,$A62,'데이터_광고'!$D$2:$D$500,C$59)/SUMIFS('데이터_광고'!$E$2:$E$500,'데이터_광고'!$A$2:$A$500,$A$25,'데이터_광고'!$B$2:$B$500,$A62,'데이터_광고'!$D$2:$D$500,C$59)) | D62: =IF(SUMIFS('데이터_광고'!$E$2:$E$500,'데이터_광고'!$A$2:$A$500,$A$25,'데이터_광고'!$B$2:$B$500,$A62,'데이터_광고'!$D$2:$D$500,D$59)=0,0,SUMIFS('데이터_광고'!$I$2:$I$500,'데이터_광고'!$A$2:$A$500,$A$25,'데이터_광고'!$B$2:$B$500,$A62,'데이터_광고'!$D$2:$D$500,D$59)/SUMIFS('데이터_광고'!$E$2:$E$500,'데이터_광고'!$A$2:$A$500,$A$25,'데이터_광고'!$B$2:$B$500,$A62,'데이터_광고'!$D$2:$D$500,D$59)) | E62: =IF(SUMIFS('데이터_광고'!$E$2:$E$500,'데이터_광고'!$A$2:$A$500,$A$25,'데이터_광고'!$B$2:$B$500,$A62,'데이터_광고'!$D$2:$D$500,E$59)=0,0,SUMIFS('데이터_광고'!$I$2:$I$500,'데이터_광고'!$A$2:$A$500,$A$25,'데이터_광고'!$B$2:$B$500,$A62,'데이터_광고'!$D$2:$D$500,E$59)/SUMIFS('데이터_광고'!$E$2:$E$500,'데이터_광고'!$A$2:$A$500,$A$25,'데이터_광고'!$B$2:$B$500,$A62,'데이터_광고'!$D$2:$D$500,E$59)) | F62: =IF(SUMIFS('데이터_광고'!$E$2:$E$500,'데이터_광고'!$A$2:$A$500,$A$25,'데이터_광고'!$B$2:$B$500,$A62,'데이터_광고'!$D$2:$D$500,F$59)=0,0,SUMIFS('데이터_광고'!$I$2:$I$500,'데이터_광고'!$A$2:$A$500,$A$25,'데이터_광고'!$B$2:$B$500,$A62,'데이터_광고'!$D$2:$D$500,F$59)/SUMIFS('데이터_광고'!$E$2:$E$500,'데이터_광고'!$A$2:$A$500,$A$25,'데이터_광고'!$B$2:$B$500,$A62,'데이터_광고'!$D$2:$D$500,F$59)) | G62: =IF(SUMIFS('데이터_광고'!$E$2:$E$500,'데이터_광고'!$A$2:$A$500,$A$25,'데이터_광고'!$B$2:$B$500,$A62)=0,0,SUMIFS('데이터_광고'!$I$2:$I$500,'데이터_광고'!$A$2:$A$500,$A$25,'데이터_광고'!$B$2:$B$500,$A62)/SUMIFS('데이터_광고'!$E$2:$E$500,'데이터_광고'!$A$2:$A$500,$A$25,'데이터_광고'!$B$2:$B$500,$A62)) | H62: =IF(SUMIFS('데이터_광고'!$E$2:$E$500,'데이터_광고'!$A$2:$A$500,$A$25,'데이터_광고'!$B$2:$B$500,$A62,'데이터_광고'!$J$2:$J$500,"상시")=0,0,SUMIFS('데이터_광고'!$I$2:$I$500,'데이터_광고'!$A$2:$A$500,$A$25,'데이터_광고'!$B$2:$B$500,$A62,'데이터_광고'!$J$2:$J$500,"상시")/SUMIFS('데이터_광고'!$E$2:$E$500,'데이터_광고'!$A$2:$A$500,$A$25,'데이터_광고'!$B$2:$B$500,$A62,'데이터_광고'!$J$2:$J$500,"상시")) | I62: =IF(SUMIFS('데이터_광고'!$E$2:$E$500,'데이터_광고'!$A$2:$A$500,$A$25,'데이터_광고'!$B$2:$B$500,$A62,'데이터_광고'!$J$2:$J$500,"행사")=0,0,SUMIFS('데이터_광고'!$I$2:$I$500,'데이터_광고'!$A$2:$A$500,$A$25,'데이터_광고'!$B$2:$B$500,$A62,'데이터_광고'!$J$2:$J$500,"행사")/SUMIFS('데이터_광고'!$E$2:$E$500,'데이터_광고'!$A$2:$A$500,$A$25,'데이터_광고'!$B$2:$B$500,$A62,'데이터_광고'!$J$2:$J$500,"행사"))
A63: GFA 카탈로그 | B63: =IF(SUMIFS('데이터_광고'!$E$2:$E$500,'데이터_광고'!$A$2:$A$500,$A$25,'데이터_광고'!$B$2:$B$500,$A63,'데이터_광고'!$D$2:$D$500,B$59)=0,0,SUMIFS('데이터_광고'!$I$2:$I$500,'데이터_광고'!$A$2:$A$500,$A$25,'데이터_광고'!$B$2:$B$500,$A63,'데이터_광고'!$D$2:$D$500,B$59)/SUMIFS('데이터_광고'!$E$2:$E$500,'데이터_광고'!$A$2:$A$500,$A$25,'데이터_광고'!$B$2:$B$500,$A63,'데이터_광고'!$D$2:$D$500,B$59)) | C63: =IF(SUMIFS('데이터_광고'!$E$2:$E$500,'데이터_광고'!$A$2:$A$500,$A$25,'데이터_광고'!$B$2:$B$500,$A63,'데이터_광고'!$D$2:$D$500,C$59)=0,0,SUMIFS('데이터_광고'!$I$2:$I$500,'데이터_광고'!$A$2:$A$500,$A$25,'데이터_광고'!$B$2:$B$500,$A63,'데이터_광고'!$D$2:$D$500,C$59)/SUMIFS('데이터_광고'!$E$2:$E$500,'데이터_광고'!$A$2:$A$500,$A$25,'데이터_광고'!$B$2:$B$500,$A63,'데이터_광고'!$D$2:$D$500,C$59)) | D63: =IF(SUMIFS('데이터_광고'!$E$2:$E$500,'데이터_광고'!$A$2:$A$500,$A$25,'데이터_광고'!$B$2:$B$500,$A63,'데이터_광고'!$D$2:$D$500,D$59)=0,0,SUMIFS('데이터_광고'!$I$2:$I$500,'데이터_광고'!$A$2:$A$500,$A$25,'데이터_광고'!$B$2:$B$500,$A63,'데이터_광고'!$D$2:$D$500,D$59)/SUMIFS('데이터_광고'!$E$2:$E$500,'데이터_광고'!$A$2:$A$500,$A$25,'데이터_광고'!$B$2:$B$500,$A63,'데이터_광고'!$D$2:$D$500,D$59)) | E63: =IF(SUMIFS('데이터_광고'!$E$2:$E$500,'데이터_광고'!$A$2:$A$500,$A$25,'데이터_광고'!$B$2:$B$500,$A63,'데이터_광고'!$D$2:$D$500,E$59)=0,0,SUMIFS('데이터_광고'!$I$2:$I$500,'데이터_광고'!$A$2:$A$500,$A$25,'데이터_광고'!$B$2:$B$500,$A63,'데이터_광고'!$D$2:$D$500,E$59)/SUMIFS('데이터_광고'!$E$2:$E$500,'데이터_광고'!$A$2:$A$500,$A$25,'데이터_광고'!$B$2:$B$500,$A63,'데이터_광고'!$D$2:$D$500,E$59)) | F63: =IF(SUMIFS('데이터_광고'!$E$2:$E$500,'데이터_광고'!$A$2:$A$500,$A$25,'데이터_광고'!$B$2:$B$500,$A63,'데이터_광고'!$D$2:$D$500,F$59)=0,0,SUMIFS('데이터_광고'!$I$2:$I$500,'데이터_광고'!$A$2:$A$500,$A$25,'데이터_광고'!$B$2:$B$500,$A63,'데이터_광고'!$D$2:$D$500,F$59)/SUMIFS('데이터_광고'!$E$2:$E$500,'데이터_광고'!$A$2:$A$500,$A$25,'데이터_광고'!$B$2:$B$500,$A63,'데이터_광고'!$D$2:$D$500,F$59)) | G63: =IF(SUMIFS('데이터_광고'!$E$2:$E$500,'데이터_광고'!$A$2:$A$500,$A$25,'데이터_광고'!$B$2:$B$500,$A63)=0,0,SUMIFS('데이터_광고'!$I$2:$I$500,'데이터_광고'!$A$2:$A$500,$A$25,'데이터_광고'!$B$2:$B$500,$A63)/SUMIFS('데이터_광고'!$E$2:$E$500,'데이터_광고'!$A$2:$A$500,$A$25,'데이터_광고'!$B$2:$B$500,$A63)) | H63: =IF(SUMIFS('데이터_광고'!$E$2:$E$500,'데이터_광고'!$A$2:$A$500,$A$25,'데이터_광고'!$B$2:$B$500,$A63,'데이터_광고'!$J$2:$J$500,"상시")=0,0,SUMIFS('데이터_광고'!$I$2:$I$500,'데이터_광고'!$A$2:$A$500,$A$25,'데이터_광고'!$B$2:$B$500,$A63,'데이터_광고'!$J$2:$J$500,"상시")/SUMIFS('데이터_광고'!$E$2:$E$500,'데이터_광고'!$A$2:$A$500,$A$25,'데이터_광고'!$B$2:$B$500,$A63,'데이터_광고'!$J$2:$J$500,"상시")) | I63: =IF(SUMIFS('데이터_광고'!$E$2:$E$500,'데이터_광고'!$A$2:$A$500,$A$25,'데이터_광고'!$B$2:$B$500,$A63,'데이터_광고'!$J$2:$J$500,"행사")=0,0,SUMIFS('데이터_광고'!$I$2:$I$500,'데이터_광고'!$A$2:$A$500,$A$25,'데이터_광고'!$B$2:$B$500,$A63,'데이터_광고'!$J$2:$J$500,"행사")/SUMIFS('데이터_광고'!$E$2:$E$500,'데이터_광고'!$A$2:$A$500,$A$25,'데이터_광고'!$B$2:$B$500,$A63,'데이터_광고'!$J$2:$J$500,"행사"))
A64: GFA 전환 | B64: =IF(SUMIFS('데이터_광고'!$E$2:$E$500,'데이터_광고'!$A$2:$A$500,$A$25,'데이터_광고'!$B$2:$B$500,$A64,'데이터_광고'!$D$2:$D$500,B$59)=0,0,SUMIFS('데이터_광고'!$I$2:$I$500,'데이터_광고'!$A$2:$A$500,$A$25,'데이터_광고'!$B$2:$B$500,$A64,'데이터_광고'!$D$2:$D$500,B$59)/SUMIFS('데이터_광고'!$E$2:$E$500,'데이터_광고'!$A$2:$A$500,$A$25,'데이터_광고'!$B$2:$B$500,$A64,'데이터_광고'!$D$2:$D$500,B$59)) | C64: =IF(SUMIFS('데이터_광고'!$E$2:$E$500,'데이터_광고'!$A$2:$A$500,$A$25,'데이터_광고'!$B$2:$B$500,$A64,'데이터_광고'!$D$2:$D$500,C$59)=0,0,SUMIFS('데이터_광고'!$I$2:$I$500,'데이터_광고'!$A$2:$A$500,$A$25,'데이터_광고'!$B$2:$B$500,$A64,'데이터_광고'!$D$2:$D$500,C$59)/SUMIFS('데이터_광고'!$E$2:$E$500,'데이터_광고'!$A$2:$A$500,$A$25,'데이터_광고'!$B$2:$B$500,$A64,'데이터_광고'!$D$2:$D$500,C$59)) | D64: =IF(SUMIFS('데이터_광고'!$E$2:$E$500,'데이터_광고'!$A$2:$A$500,$A$25,'데이터_광고'!$B$2:$B$500,$A64,'데이터_광고'!$D$2:$D$500,D$59)=0,0,SUMIFS('데이터_광고'!$I$2:$I$500,'데이터_광고'!$A$2:$A$500,$A$25,'데이터_광고'!$B$2:$B$500,$A64,'데이터_광고'!$D$2:$D$500,D$59)/SUMIFS('데이터_광고'!$E$2:$E$500,'데이터_광고'!$A$2:$A$500,$A$25,'데이터_광고'!$B$2:$B$500,$A64,'데이터_광고'!$D$2:$D$500,D$59)) | E64: =IF(SUMIFS('데이터_광고'!$E$2:$E$500,'데이터_광고'!$A$2:$A$500,$A$25,'데이터_광고'!$B$2:$B$500,$A64,'데이터_광고'!$D$2:$D$500,E$59)=0,0,SUMIFS('데이터_광고'!$I$2:$I$500,'데이터_광고'!$A$2:$A$500,$A$25,'데이터_광고'!$B$2:$B$500,$A64,'데이터_광고'!$D$2:$D$500,E$59)/SUMIFS('데이터_광고'!$E$2:$E$500,'데이터_광고'!$A$2:$A$500,$A$25,'데이터_광고'!$B$2:$B$500,$A64,'데이터_광고'!$D$2:$D$500,E$59)) | F64: =IF(SUMIFS('데이터_광고'!$E$2:$E$500,'데이터_광고'!$A$2:$A$500,$A$25,'데이터_광고'!$B$2:$B$500,$A64,'데이터_광고'!$D$2:$D$500,F$59)=0,0,SUMIFS('데이터_광고'!$I$2:$I$500,'데이터_광고'!$A$2:$A$500,$A$25,'데이터_광고'!$B$2:$B$500,$A64,'데이터_광고'!$D$2:$D$500,F$59)/SUMIFS('데이터_광고'!$E$2:$E$500,'데이터_광고'!$A$2:$A$500,$A$25,'데이터_광고'!$B$2:$B$500,$A64,'데이터_광고'!$D$2:$D$500,F$59)) | G64: =IF(SUMIFS('데이터_광고'!$E$2:$E$500,'데이터_광고'!$A$2:$A$500,$A$25,'데이터_광고'!$B$2:$B$500,$A64)=0,0,SUMIFS('데이터_광고'!$I$2:$I$500,'데이터_광고'!$A$2:$A$500,$A$25,'데이터_광고'!$B$2:$B$500,$A64)/SUMIFS('데이터_광고'!$E$2:$E$500,'데이터_광고'!$A$2:$A$500,$A$25,'데이터_광고'!$B$2:$B$500,$A64)) | H64: =IF(SUMIFS('데이터_광고'!$E$2:$E$500,'데이터_광고'!$A$2:$A$500,$A$25,'데이터_광고'!$B$2:$B$500,$A64,'데이터_광고'!$J$2:$J$500,"상시")=0,0,SUMIFS('데이터_광고'!$I$2:$I$500,'데이터_광고'!$A$2:$A$500,$A$25,'데이터_광고'!$B$2:$B$500,$A64,'데이터_광고'!$J$2:$J$500,"상시")/SUMIFS('데이터_광고'!$E$2:$E$500,'데이터_광고'!$A$2:$A$500,$A$25,'데이터_광고'!$B$2:$B$500,$A64,'데이터_광고'!$J$2:$J$500,"상시")) | I64: =IF(SUMIFS('데이터_광고'!$E$2:$E$500,'데이터_광고'!$A$2:$A$500,$A$25,'데이터_광고'!$B$2:$B$500,$A64,'데이터_광고'!$J$2:$J$500,"행사")=0,0,SUMIFS('데이터_광고'!$I$2:$I$500,'데이터_광고'!$A$2:$A$500,$A$25,'데이터_광고'!$B$2:$B$500,$A64,'데이터_광고'!$J$2:$J$500,"행사")/SUMIFS('데이터_광고'!$E$2:$E$500,'데이터_광고'!$A$2:$A$500,$A$25,'데이터_광고'!$B$2:$B$500,$A64,'데이터_광고'!$J$2:$J$500,"행사"))
A65: 메타 스스 | B65: =IF(SUMIFS('데이터_광고'!$E$2:$E$500,'데이터_광고'!$A$2:$A$500,$A$25,'데이터_광고'!$B$2:$B$500,$A65,'데이터_광고'!$D$2:$D$500,B$59)=0,0,SUMIFS('데이터_광고'!$I$2:$I$500,'데이터_광고'!$A$2:$A$500,$A$25,'데이터_광고'!$B$2:$B$500,$A65,'데이터_광고'!$D$2:$D$500,B$59)/SUMIFS('데이터_광고'!$E$2:$E$500,'데이터_광고'!$A$2:$A$500,$A$25,'데이터_광고'!$B$2:$B$500,$A65,'데이터_광고'!$D$2:$D$500,B$59)) | C65: =IF(SUMIFS('데이터_광고'!$E$2:$E$500,'데이터_광고'!$A$2:$A$500,$A$25,'데이터_광고'!$B$2:$B$500,$A65,'데이터_광고'!$D$2:$D$500,C$59)=0,0,SUMIFS('데이터_광고'!$I$2:$I$500,'데이터_광고'!$A$2:$A$500,$A$25,'데이터_광고'!$B$2:$B$500,$A65,'데이터_광고'!$D$2:$D$500,C$59)/SUMIFS('데이터_광고'!$E$2:$E$500,'데이터_광고'!$A$2:$A$500,$A$25,'데이터_광고'!$B$2:$B$500,$A65,'데이터_광고'!$D$2:$D$500,C$59)) | D65: =IF(SUMIFS('데이터_광고'!$E$2:$E$500,'데이터_광고'!$A$2:$A$500,$A$25,'데이터_광고'!$B$2:$B$500,$A65,'데이터_광고'!$D$2:$D$500,D$59)=0,0,SUMIFS('데이터_광고'!$I$2:$I$500,'데이터_광고'!$A$2:$A$500,$A$25,'데이터_광고'!$B$2:$B$500,$A65,'데이터_광고'!$D$2:$D$500,D$59)/SUMIFS('데이터_광고'!$E$2:$E$500,'데이터_광고'!$A$2:$A$500,$A$25,'데이터_광고'!$B$2:$B$500,$A65,'데이터_광고'!$D$2:$D$500,D$59)) | E65: =IF(SUMIFS('데이터_광고'!$E$2:$E$500,'데이터_광고'!$A$2:$A$500,$A$25,'데이터_광고'!$B$2:$B$500,$A65,'데이터_광고'!$D$2:$D$500,E$59)=0,0,SUMIFS('데이터_광고'!$I$2:$I$500,'데이터_광고'!$A$2:$A$500,$A$25,'데이터_광고'!$B$2:$B$500,$A65,'데이터_광고'!$D$2:$D$500,E$59)/SUMIFS('데이터_광고'!$E$2:$E$500,'데이터_광고'!$A$2:$A$500,$A$25,'데이터_광고'!$B$2:$B$500,$A65,'데이터_광고'!$D$2:$D$500,E$59)) | F65: =IF(SUMIFS('데이터_광고'!$E$2:$E$500,'데이터_광고'!$A$2:$A$500,$A$25,'데이터_광고'!$B$2:$B$500,$A65,'데이터_광고'!$D$2:$D$500,F$59)=0,0,SUMIFS('데이터_광고'!$I$2:$I$500,'데이터_광고'!$A$2:$A$500,$A$25,'데이터_광고'!$B$2:$B$500,$A65,'데이터_광고'!$D$2:$D$500,F$59)/SUMIFS('데이터_광고'!$E$2:$E$500,'데이터_광고'!$A$2:$A$500,$A$25,'데이터_광고'!$B$2:$B$500,$A65,'데이터_광고'!$D$2:$D$500,F$59)) | G65: =IF(SUMIFS('데이터_광고'!$E$2:$E$500,'데이터_광고'!$A$2:$A$500,$A$25,'데이터_광고'!$B$2:$B$500,$A65)=0,0,SUMIFS('데이터_광고'!$I$2:$I$500,'데이터_광고'!$A$2:$A$500,$A$25,'데이터_광고'!$B$2:$B$500,$A65)/SUMIFS('데이터_광고'!$E$2:$E$500,'데이터_광고'!$A$2:$A$500,$A$25,'데이터_광고'!$B$2:$B$500,$A65)) | H65: =IF(SUMIFS('데이터_광고'!$E$2:$E$500,'데이터_광고'!$A$2:$A$500,$A$25,'데이터_광고'!$B$2:$B$500,$A65,'데이터_광고'!$J$2:$J$500,"상시")=0,0,SUMIFS('데이터_광고'!$I$2:$I$500,'데이터_광고'!$A$2:$A$500,$A$25,'데이터_광고'!$B$2:$B$500,$A65,'데이터_광고'!$J$2:$J$500,"상시")/SUMIFS('데이터_광고'!$E$2:$E$500,'데이터_광고'!$A$2:$A$500,$A$25,'데이터_광고'!$B$2:$B$500,$A65,'데이터_광고'!$J$2:$J$500,"상시")) | I65: =IF(SUMIFS('데이터_광고'!$E$2:$E$500,'데이터_광고'!$A$2:$A$500,$A$25,'데이터_광고'!$B$2:$B$500,$A65,'데이터_광고'!$J$2:$J$500,"행사")=0,0,SUMIFS('데이터_광고'!$I$2:$I$500,'데이터_광고'!$A$2:$A$500,$A$25,'데이터_광고'!$B$2:$B$500,$A65,'데이터_광고'!$J$2:$J$500,"행사")/SUMIFS('데이터_광고'!$E$2:$E$500,'데이터_광고'!$A$2:$A$500,$A$25,'데이터_광고'!$B$2:$B$500,$A65,'데이터_광고'!$J$2:$J$500,"행사"))
A66: 메타 자사몰 | B66: =IF(SUMIFS('데이터_광고'!$E$2:$E$500,'데이터_광고'!$A$2:$A$500,$A$25,'데이터_광고'!$B$2:$B$500,$A66,'데이터_광고'!$D$2:$D$500,B$59)=0,0,SUMIFS('데이터_광고'!$I$2:$I$500,'데이터_광고'!$A$2:$A$500,$A$25,'데이터_광고'!$B$2:$B$500,$A66,'데이터_광고'!$D$2:$D$500,B$59)/SUMIFS('데이터_광고'!$E$2:$E$500,'데이터_광고'!$A$2:$A$500,$A$25,'데이터_광고'!$B$2:$B$500,$A66,'데이터_광고'!$D$2:$D$500,B$59)) | C66: =IF(SUMIFS('데이터_광고'!$E$2:$E$500,'데이터_광고'!$A$2:$A$500,$A$25,'데이터_광고'!$B$2:$B$500,$A66,'데이터_광고'!$D$2:$D$500,C$59)=0,0,SUMIFS('데이터_광고'!$I$2:$I$500,'데이터_광고'!$A$2:$A$500,$A$25,'데이터_광고'!$B$2:$B$500,$A66,'데이터_광고'!$D$2:$D$500,C$59)/SUMIFS('데이터_광고'!$E$2:$E$500,'데이터_광고'!$A$2:$A$500,$A$25,'데이터_광고'!$B$2:$B$500,$A66,'데이터_광고'!$D$2:$D$500,C$59)) | D66: =IF(SUMIFS('데이터_광고'!$E$2:$E$500,'데이터_광고'!$A$2:$A$500,$A$25,'데이터_광고'!$B$2:$B$500,$A66,'데이터_광고'!$D$2:$D$500,D$59)=0,0,SUMIFS('데이터_광고'!$I$2:$I$500,'데이터_광고'!$A$2:$A$500,$A$25,'데이터_광고'!$B$2:$B$500,$A66,'데이터_광고'!$D$2:$D$500,D$59)/SUMIFS('데이터_광고'!$E$2:$E$500,'데이터_광고'!$A$2:$A$500,$A$25,'데이터_광고'!$B$2:$B$500,$A66,'데이터_광고'!$D$2:$D$500,D$59)) | E66: =IF(SUMIFS('데이터_광고'!$E$2:$E$500,'데이터_광고'!$A$2:$A$500,$A$25,'데이터_광고'!$B$2:$B$500,$A66,'데이터_광고'!$D$2:$D$500,E$59)=0,0,SUMIFS('데이터_광고'!$I$2:$I$500,'데이터_광고'!$A$2:$A$500,$A$25,'데이터_광고'!$B$2:$B$500,$A66,'데이터_광고'!$D$2:$D$500,E$59)/SUMIFS('데이터_광고'!$E$2:$E$500,'데이터_광고'!$A$2:$A$500,$A$25,'데이터_광고'!$B$2:$B$500,$A66,'데이터_광고'!$D$2:$D$500,E$59)) | F66: =IF(SUMIFS('데이터_광고'!$E$2:$E$500,'데이터_광고'!$A$2:$A$500,$A$25,'데이터_광고'!$B$2:$B$500,$A66,'데이터_광고'!$D$2:$D$500,F$59)=0,0,SUMIFS('데이터_광고'!$I$2:$I$500,'데이터_광고'!$A$2:$A$500,$A$25,'데이터_광고'!$B$2:$B$500,$A66,'데이터_광고'!$D$2:$D$500,F$59)/SUMIFS('데이터_광고'!$E$2:$E$500,'데이터_광고'!$A$2:$A$500,$A$25,'데이터_광고'!$B$2:$B$500,$A66,'데이터_광고'!$D$2:$D$500,F$59)) | G66: =IF(SUMIFS('데이터_광고'!$E$2:$E$500,'데이터_광고'!$A$2:$A$500,$A$25,'데이터_광고'!$B$2:$B$500,$A66)=0,0,SUMIFS('데이터_광고'!$I$2:$I$500,'데이터_광고'!$A$2:$A$500,$A$25,'데이터_광고'!$B$2:$B$500,$A66)/SUMIFS('데이터_광고'!$E$2:$E$500,'데이터_광고'!$A$2:$A$500,$A$25,'데이터_광고'!$B$2:$B$500,$A66)) | H66: =IF(SUMIFS('데이터_광고'!$E$2:$E$500,'데이터_광고'!$A$2:$A$500,$A$25,'데이터_광고'!$B$2:$B$500,$A66,'데이터_광고'!$J$2:$J$500,"상시")=0,0,SUMIFS('데이터_광고'!$I$2:$I$500,'데이터_광고'!$A$2:$A$500,$A$25,'데이터_광고'!$B$2:$B$500,$A66,'데이터_광고'!$J$2:$J$500,"상시")/SUMIFS('데이터_광고'!$E$2:$E$500,'데이터_광고'!$A$2:$A$500,$A$25,'데이터_광고'!$B$2:$B$500,$A66,'데이터_광고'!$J$2:$J$500,"상시")) | I66: =IF(SUMIFS('데이터_광고'!$E$2:$E$500,'데이터_광고'!$A$2:$A$500,$A$25,'데이터_광고'!$B$2:$B$500,$A66,'데이터_광고'!$J$2:$J$500,"행사")=0,0,SUMIFS('데이터_광고'!$I$2:$I$500,'데이터_광고'!$A$2:$A$500,$A$25,'데이터_광고'!$B$2:$B$500,$A66,'데이터_광고'!$J$2:$J$500,"행사")/SUMIFS('데이터_광고'!$E$2:$E$500,'데이터_광고'!$A$2:$A$500,$A$25,'데이터_광고'!$B$2:$B$500,$A66,'데이터_광고'!$J$2:$J$500,"행사"))
A68: 광고비가 0이면 "-"로 표시합니다. 브랜드검색은 정액 대비 매출이며, GFA 전환 로지오가닉은 10/26 이후만 집행했습니다.

Sheet 성과분석
A1: 성과 분석: 잘한 점·이유, 미달·보완
A2: 값 열은 다른 시트의 수식입니다. "원인"은 주간 리포트와 사용자 설명에서 확인된 운영 이력에 근거하며, 데이터만으로 단정하기 어려운 항목은 "추정"으로 표시했습니다.
A4: 구분 | B4: 브랜드 | C4: 항목 | D4: 근거 지표 | E4: 값 | F4: 비교 기준 | G4: 성과 이유 / 원인 | H4: 보완 방향
A5: 잘한 점 | B5: 아넬라 | C5: 파워링크 노출 시간 제한 (10/14~) | D5: ROAS 제한 후 (비교: 제한 전, 두 기간 모두 상시 구간) | E5: ='시간제한_검증'!C13 | F5: ='시간제한_검증'!B13 | G5: 노출 제외 시간(0~3시, 17~24시) 설정 후 광고비·클릭이 약 58% 줄었는데 구매는 15건에서 14건으로 거의 유지되고 전환율이 6.1%에서 13.7%로 올랐습니다. 행사가 없는 두 주를 비교한 값이라 행사 영향이 없습니다. | H5: 매출 볼륨(-22%)이 줄었으므로 추가 모니터링. 같은 기간에 10/21 저효율 키워드 감액이 섞여 있어 시간 제한만의 효과로 단정하지 않기.
A6: 잘한 점 | B6: 아넬라 | C6: 저효율 키워드·지면 정리로 예산 효율화 | D6: 28일 ROAS (비교: KPI 하한) | E6: ='10월_실적'!G31 | F6: ='10월_실적'!C31 | G6: 저효율 키워드·지면 OFF/감액과 노출 시간 제한으로 일할 예산의 약 84%만 집행하고도 ROAS가 하한에 근접했습니다. 이 ROAS에는 행사 구간 영향이 포함돼 있어 마케팅 성과는 상시 구간 지표(미달·보완 항목)로 따로 봅니다. | H6: 정리 효과는 11/8 넾다세일 종료 후 상시 구간 데이터로 검증.
A7: 잘한 점 | B7: 아넬라 | C7: 상시 구간에서 쇼핑검색이 핵심 매체 | D7: 쇼핑검색 상시 구간 ROAS (비교: 파워링크 상시) | E7: ='주차별_추이'!H49 | F7: ='주차별_추이'!H48 | G7: 행사가 없는 구간에서도 쇼핑검색이 광고비 비중이 가장 큰 매체(약 32%)이면서 파워링크보다 효율이 높습니다. 퓨레 캠페인이 매출을 이끌었습니다. | H7: 쇼핑검색은 10/26부터 24시간 균등 노출로 원복했으므로 11/8 이후 상시 구간에서 제한 구간(10/14~25)과 비교해 효과를 판단.
A8: 잘한 점 | B8: 아넬라 | C8: 메타 시크릿링크가 자사몰 매출의 주축 | D8: 시크릿특가 상품 매출 비중 (비교: 시크릿특가 실매출 ROAS) | E8: ='자사몰_매출'!H7 | F8: ='자사몰_매출'!G15 | G8: 자사몰 상품명에 "시크릿 특가"가 붙은 상품이 메타 시크릿링크 광고 유입입니다. 이 상품이 자사몰 매출의 대부분을 차지하고, 시크릿링크 광고가 자사몰 매출을 만드는 핵심 경로입니다. | H8: 시크릿링크 광고 보고 매출이 실제 시크릿특가 매출보다 큽니다(자사몰_매출 시트). 실매출 기준 ROAS로 판단.
A9: 잘한 점 | B9: 로지오가닉 | C9: 메타 시크릿링크가 자사몰 매출의 주축 | D9: 시크릿특가 상품 매출 비중 (비교: 시크릿특가 실매출 ROAS) | E9: ='자사몰_매출'!H8 | F9: ='자사몰_매출'!G16 | G9: 로지 자사몰도 "시크릿 특가" 상품(쌀과자 퍼프 스틱 떡뻥 요거팝)이 매출 1위입니다. 첫구매 전용 상품도 별도 비중이 있습니다(자사몰_매출 시트). | H9: 실매출 ROAS가 KPI 하한(420%)을 넘는지 계속 확인. 개편 썸네일 소재와 병행 테스트.
A10: 잘한 점 | B10: 로지오가닉 | C10: KPI 하한 상회 (행사 영향이 작은 브랜드) | D10: 28일 ROAS (비교: KPI 하한) | E10: ='10월_실적'!G32 | F10: ='10월_실적'!C32 | G10: 로지는 행사 구간과 상시 구간 ROAS 차이가 작아(주차별_추이 시트: 상시 약 566%, 행사 약 687%) 행사에 덜 의존합니다. 메타 스스(과자 상시)와 메타 자사몰(과자 시크릿링크)이 광고비의 절반 이상을 차지하며 평균을 끌어올렸습니다. | H10: 메타 스스 이상치 이틀 제외 시에도 하한을 넘는지 오른쪽 항목 참고.
A11: 잘한 점 | B11: 로지오가닉 | C11: 이상치 제외 후에도 하한 상회 | D11: 보정 ROAS (비교: KPI 하한) | E11: ='10월_실적'!D46 | F11: ='10월_실적'!C32 | G11: 메타 스스 10/24~25를 제외해도 하한을 넘습니다. 즉 성과 달성 판단은 이상치와 무관하게 유지됩니다. | H11: 이상치 원인 확인 후 확정 수치로 교체.
A12: 잘한 점 | B12: 로지오가닉 | C12: 메타 자사몰 과자 시크릿링크의 안정성 | D12: 28일 ROAS (비교: KPI 하한) | E12: ='10월_실적'!M24 | F12: ='10월_실적'!C32 | G12: 10/1~4부터 10/26~28까지 5개 구간 모두 430~750% 범위 유지(주차별 ROAS는 주차별_추이 시트). 시크릿링크 구성이 일관되게 구매를 만들었습니다. | H12: 개편된 시크릿링크 썸네일로 소재를 교체할 때 기존 소재와 병행 테스트.
A13: 미달·보완 | B13: 아넬라 | C13: KPI ROAS 하한 소폭 미달 | D13: 28일 ROAS 달성률 | E13: ='10월_실적'!H31 | F13: 1 | G13: 상시 구간 ROAS가 행사 구간의 약 1/3 수준이라, 행사가 없는 주에는 하한을 크게 밑돕니다(주차별_추이 시트). | H13: 상시 구간 효율 개선: 저효율 지면·키워드 정리 유지, 소재 교체(차주 2종), 행사 일정 확대 협의.
A14: 미달·보완 | B14: 아넬라 | C14: 상시 구간 ROAS | D14: 상시 구간 ROAS (비교: KPI 하한) | E14: ='주차별_추이'!H11 | F14: ='10월_실적'!C31 | G14: 10/1~4, 10/5~11, 10/19~25의 합산 ROAS. 4주차(10/19~25)는 전 매체 ROAS가 전주 대비 하락했고 전환율이 16.8%에서 7.0%로 내려갔습니다(주간 리포트). | H14: 쇼핑검색은 24시간 균등노출로 원복 완료(10/26~). 파워링크는 시간 제한 유지, 무전환 지면 제외 후 효율 확인.
A15: 미달·보완 | B15: 아넬라 | C15: 예산 소진 부족 | D15: 일할 예산 대비 소진율 (10월 28일) | E15: ='10월_실적'!E13 | F15: 1 | G15: 저효율 키워드·지면 OFF/감액, 웰컴박스·기획전 보류로 의도적으로 줄인 영향이 큽니다. GFA는 10/26부터 상시 소재 노출이 거의 없고 넾다세일 소재 중심으로 운영된 것으로 보입니다(추정). | H15: 남은 예산을 행사 구간 소재에 집중할지, 효율 우선으로 줄일지 11월 계획에서 결정.
A16: 미달·보완 | B16: 아넬라 | C16: 메타 자사몰 효율 하락 | D16: 10월 28일 ROAS (비교: 아넬라 메타 자사몰 P5 ROAS) | E16: ='10월_실적'!M12 | F16: ='주차별_추이'!F54 | G16: 웰컴박스는 신청하기 목적 캠페인이라 구매 ROAS가 거의 나오지 않았고(광고비 약 20만원, 구매 2건), 시크릿링크도 구간이 지날수록 ROAS가 내려왔습니다. 광고 보고 ROAS와 자사몰 실매출 기준 ROAS의 차이는 자사몰_매출 시트 참고. | H16: 웰컴박스는 보류 유지. 시크릿링크 개편 썸네일 소재로 교체 후 재측정.
A17: 미달·보완 | B17: 아넬라 | C17: 메타 카탈로그(스스) | D17: 캠페인 ROAS | E17: =SUMIFS('데이터_광고'!$I$2:$I$500,'데이터_광고'!$C$2:$C$500,"SUS_아넬라_카탈로그 판매 캠페인_260629")/SUMIFS('데이터_광고'!$E$2:$E$500,'데이터_광고'!$C$2:$C$500,"SUS_아넬라_카탈로그 판매 캠페인_260629") | F17: 2 | G17: 월 ROAS는 낮지 않으나 4주차에는 189%까지 떨어졌습니다(주간 리포트). 비교 기준 200%는 주간 리포트의 개선 기준입니다. | H17: 카탈로그 상품 세트·소재를 영업팀 주력 상품 중심으로 재구성.
A18: 미달·보완 | B18: 아넬라 | C18: 쇼핑검색 과자(떡뻥) 캠페인 | D18: 캠페인 ROAS (비교: KPI 하한) | E18: =SUMIFS('데이터_광고'!$I$2:$I$500,'데이터_광고'!$C$2:$C$500,"SSA_아넬라_과자(떡뻥) 캠페인")/SUMIFS('데이터_광고'!$E$2:$E$500,'데이터_광고'!$C$2:$C$500,"SSA_아넬라_과자(떡뻥) 캠페인") | F18: ='10월_실적'!C31 | G18: 9월 월간 리포트에서도 과자(떡뻥)_일반K 효율이 낮았습니다(ROAS 201%). 대표 단어 경쟁이 강해 증액해도 효율이 희석됩니다. | H18: 롱테일 검색어(퍼프·롱떡뻥) 중심으로 소액 운영, 저효율 검색어 제외.
A19: 미달·보완 | B19: 아넬라 | C19: GFA 신규 소구 5종 테스트 | D19: 집행 구간 ROAS (10/14~16) | E19: =SUMIFS('데이터_광고'!$I$2:$I$500,'데이터_광고'!$C$2:$C$500,"아넬라_신규타겟_소구5종")/SUMIFS('데이터_광고'!$E$2:$E$500,'데이터_광고'!$C$2:$C$500,"아넬라_신규타겟_소구5종") | F19: 1 | G19: 3일 집행에서 구매 1건으로 효율이 나오지 않았고, 소재 검토를 위해 HOLD 중입니다. | H19: 소재 검토 후 재개. 재개 전 소구점·타겟 가설을 팀과 합의.
A20: 미달·보완 | B20: 로지오가닉 | C20: 파워링크·쇼핑검색 효율 | D20: 파워링크+쇼핑검색 합산 ROAS (브랜드검색 제외, 비교: KPI 하한) | E20: =(SUMIFS('데이터_광고'!$I$2:$I$500,'데이터_광고'!$A$2:$A$500,"로지오가닉",'데이터_광고'!$B$2:$B$500,"파워링크")+SUMIFS('데이터_광고'!$I$2:$I$500,'데이터_광고'!$A$2:$A$500,"로지오가닉",'데이터_광고'!$B$2:$B$500,"쇼핑검색"))/(SUMIFS('데이터_광고'!$E$2:$E$500,'데이터_광고'!$A$2:$A$500,"로지오가닉",'데이터_광고'!$B$2:$B$500,"파워링크")+SUMIFS('데이터_광고'!$E$2:$E$500,'데이터_광고'!$A$2:$A$500,"로지오가닉",'데이터_광고'!$B$2:$B$500,"쇼핑검색")) | F20: ='10월_실적'!C32 | G20: 파워링크 대표K·구매K 그룹의 구매 전환이 줄어든 영향이 큽니다(4주차 주간 리포트). 브랜드검색을 포함하면 검색 전체 ROAS는 올라갑니다. | H20: 10/21 파워링크 저효율 키워드 감액 효과를 11/8 이후 상시 구간으로 검증. 쇼핑검색 무전환 지면 제외(10/26) 효과 확인.
A21: 미달·보완 | B21: 로지오가닉 | C21: GFA 웹전환(넾다세일 한정) | D21: 28일 ROAS (10/26~28 집행) | E21: ='10월_실적'!M22 | F21: 1 | G21: 3일 집행, 구매 6건으로 표본이 작지만 현재는 광고비를 회수하지 못했습니다. | H21: 넾다세일 종료(11/8)까지 모니터링 후 지속 여부를 판단하고, 효율이 나오지 않으면 20만원을 메타로 이동.
A22: 데이터 점검 | B22: 로지오가닉 | C22: 메타 스스 10/24~25 이상치 | D22: 이틀 메타 전환값 ÷ 스토어 결제금액 (배) | E22: ='점검'!D15 | F22: 1 | G22: 같은 이틀의 로지 스토어 전체 결제(공구 포함)보다 메타 전환값이 큽니다. 실주문이 아닌 집계 이슈 가능성. | H22: 메타·네이버 협력광고 담당에 확인. 확인 전까지 목표 산정에서는 제외(점검 시트).
A23: 데이터 점검 | B23: 로지오가닉 | C23: 공동구매 의존도 | D23: 스토어 결제 총액 중 공동구매 비중 | E23: ='점검'!F22 | F23: 0 | G23: 공동구매 상품(9차 등)을 제외하면 스토어 일반상품 매출은 절반 수준입니다. 광고 귀속 매출은 일반상품 순매출에 가깝습니다. | H23: 일반상품 기준으로 광고 효율을 판단하되, 공동구매 기간의 유입·전환이 광고 성과에 섞이는지 영업팀과 확인.

Sheet 시간제한_검증
A1: 아넬라 네이버 검색광고 노출 시간 제한(10/14) 효과 검증
A2: 파워링크·쇼핑검색을 시간대를 지정해 노출한 결과입니다(노출 제외 0~3시, 17~24시, 두 매체 동일, 10/14 시작). 쇼핑검색은 10/26 넾다세일부터 24시간 균등 노출로 원복했습니다. 수치는 데이터_광고 시트의 SUMIFS 수식이며 대행사 보고 수치와 일치합니다.
A3: ="비교기간 "&TEXT('가정'!B51,"m/d")&"~"&TEXT('가정'!C51,"m/d")&" (10월 2주차, 제한 전) vs 기준기간 "&TEXT('가정'!B53,"m/d")&"~"&TEXT('가정'!C53,"m/d")&" (10월 4주차, 제한 후). 두 기간 모두 상시 구간입니다."
A5: 아넬라 파워링크
A6: 지표 | B6: 비교기간 (제한 전) | C6: 기준기간 (제한 후) | D6: 증감 | E6: 증감률
A7: 광고비(원) | B7: =SUMIFS('데이터_광고'!$E$2:$E$500,'데이터_광고'!$A$2:$A$500,"아넬라",'데이터_광고'!$B$2:$B$500,"파워링크",'데이터_광고'!$D$2:$D$500,'가정'!$A$51) | C7: =SUMIFS('데이터_광고'!$E$2:$E$500,'데이터_광고'!$A$2:$A$500,"아넬라",'데이터_광고'!$B$2:$B$500,"파워링크",'데이터_광고'!$D$2:$D$500,'가정'!$A$53) | D7: =C7-B7 | E7: =IF(B7=0,0,C7/B7-1)
A8: 클릭 | B8: =SUMIFS('데이터_광고'!$G$2:$G$500,'데이터_광고'!$A$2:$A$500,"아넬라",'데이터_광고'!$B$2:$B$500,"파워링크",'데이터_광고'!$D$2:$D$500,'가정'!$A$51) | C8: =SUMIFS('데이터_광고'!$G$2:$G$500,'데이터_광고'!$A$2:$A$500,"아넬라",'데이터_광고'!$B$2:$B$500,"파워링크",'데이터_광고'!$D$2:$D$500,'가정'!$A$53) | D8: =C8-B8 | E8: =IF(B8=0,0,C8/B8-1)
A9: CPC(원) | B9: =IF(B8=0,0,B7/B8) | C9: =IF(C8=0,0,C7/C8) | D9: =C9-B9 | E9: =IF(B9=0,0,C9/B9-1)
A10: 구매(건) | B10: =SUMIFS('데이터_광고'!$H$2:$H$500,'데이터_광고'!$A$2:$A$500,"아넬라",'데이터_광고'!$B$2:$B$500,"파워링크",'데이터_광고'!$D$2:$D$500,'가정'!$A$51) | C10: =SUMIFS('데이터_광고'!$H$2:$H$500,'데이터_광고'!$A$2:$A$500,"아넬라",'데이터_광고'!$B$2:$B$500,"파워링크",'데이터_광고'!$D$2:$D$500,'가정'!$A$53) | D10: =C10-B10 | E10: =IF(B10=0,0,C10/B10-1)
A11: 전환율 (구매÷클릭) | B11: =IF(B8=0,0,B10/B8) | C11: =IF(C8=0,0,C10/C8) | D11: =(C11-B11)*100
A12: 매출(원) | B12: =SUMIFS('데이터_광고'!$I$2:$I$500,'데이터_광고'!$A$2:$A$500,"아넬라",'데이터_광고'!$B$2:$B$500,"파워링크",'데이터_광고'!$D$2:$D$500,'가정'!$A$51) | C12: =SUMIFS('데이터_광고'!$I$2:$I$500,'데이터_광고'!$A$2:$A$500,"아넬라",'데이터_광고'!$B$2:$B$500,"파워링크",'데이터_광고'!$D$2:$D$500,'가정'!$A$53) | D12: =C12-B12 | E12: =IF(B12=0,0,C12/B12-1)
A13: ROAS | B13: =IF(B7=0,0,B12/B7) | C13: =IF(C7=0,0,C12/C7) | D13: =(C13-B13)*100
A16: 아넬라 쇼핑검색
A17: 지표 | B17: 비교기간 (제한 전) | C17: 기준기간 (제한 후) | D17: 증감 | E17: 증감률
A18: 광고비(원) | B18: =SUMIFS('데이터_광고'!$E$2:$E$500,'데이터_광고'!$A$2:$A$500,"아넬라",'데이터_광고'!$B$2:$B$500,"쇼핑검색",'데이터_광고'!$D$2:$D$500,'가정'!$A$51) | C18: =SUMIFS('데이터_광고'!$E$2:$E$500,'데이터_광고'!$A$2:$A$500,"아넬라",'데이터_광고'!$B$2:$B$500,"쇼핑검색",'데이터_광고'!$D$2:$D$500,'가정'!$A$53) | D18: =C18-B18 | E18: =IF(B18=0,0,C18/B18-1)
A19: 클릭 | B19: =SUMIFS('데이터_광고'!$G$2:$G$500,'데이터_광고'!$A$2:$A$500,"아넬라",'데이터_광고'!$B$2:$B$500,"쇼핑검색",'데이터_광고'!$D$2:$D$500,'가정'!$A$51) | C19: =SUMIFS('데이터_광고'!$G$2:$G$500,'데이터_광고'!$A$2:$A$500,"아넬라",'데이터_광고'!$B$2:$B$500,"쇼핑검색",'데이터_광고'!$D$2:$D$500,'가정'!$A$53) | D19: =C19-B19 | E19: =IF(B19=0,0,C19/B19-1)
A20: CPC(원) | B20: =IF(B19=0,0,B18/B19) | C20: =IF(C19=0,0,C18/C19) | D20: =C20-B20 | E20: =IF(B20=0,0,C20/B20-1)
A21: 구매(건) | B21: =SUMIFS('데이터_광고'!$H$2:$H$500,'데이터_광고'!$A$2:$A$500,"아넬라",'데이터_광고'!$B$2:$B$500,"쇼핑검색",'데이터_광고'!$D$2:$D$500,'가정'!$A$51) | C21: =SUMIFS('데이터_광고'!$H$2:$H$500,'데이터_광고'!$A$2:$A$500,"아넬라",'데이터_광고'!$B$2:$B$500,"쇼핑검색",'데이터_광고'!$D$2:$D$500,'가정'!$A$53) | D21: =C21-B21 | E21: =IF(B21=0,0,C21/B21-1)
A22: 전환율 (구매÷클릭) | B22: =IF(B19=0,0,B21/B19) | C22: =IF(C19=0,0,C21/C19) | D22: =(C22-B22)*100
A23: 매출(원) | B23: =SUMIFS('데이터_광고'!$I$2:$I$500,'데이터_광고'!$A$2:$A$500,"아넬라",'데이터_광고'!$B$2:$B$500,"쇼핑검색",'데이터_광고'!$D$2:$D$500,'가정'!$A$51) | C23: =SUMIFS('데이터_광고'!$I$2:$I$500,'데이터_광고'!$A$2:$A$500,"아넬라",'데이터_광고'!$B$2:$B$500,"쇼핑검색",'데이터_광고'!$D$2:$D$500,'가정'!$A$53) | D23: =C23-B23 | E23: =IF(B23=0,0,C23/B23-1)
A24: ROAS | B24: =IF(B18=0,0,B23/B18) | C24: =IF(C18=0,0,C23/C18) | D24: =(C24-B24)*100
A27: 참고: 24시간 원복 후 3일 (10/26~10/28, 넾다세일 겹침) 아넬라 쇼핑검색 ROAS | C27: =IF(SUMIFS('데이터_광고'!$E$2:$E$500,'데이터_광고'!$A$2:$A$500,"아넬라",'데이터_광고'!$B$2:$B$500,"쇼핑검색",'데이터_광고'!$D$2:$D$500,'가정'!$A$54)=0,0,SUMIFS('데이터_광고'!$I$2:$I$500,'데이터_광고'!$A$2:$A$500,"아넬라",'데이터_광고'!$B$2:$B$500,"쇼핑검색",'데이터_광고'!$D$2:$D$500,'가정'!$A$54)/SUMIFS('데이터_광고'!$E$2:$E$500,'데이터_광고'!$A$2:$A$500,"아넬라",'데이터_광고'!$B$2:$B$500,"쇼핑검색",'데이터_광고'!$D$2:$D$500,'가정'!$A$54)) | G27: 원복과 넾다세일이 같은 날 시작돼 원복 효과만 따로 볼 수 없습니다. 11/8 이후 상시 구간과 비교가 필요합니다.
A29: 판단과 제안
A30: 매체 | B30: 판단 | G30: 근거 · 확인할 점
A31: 파워링크 | B31: 현행 시간 설정 유지. 매출 볼륨을 추가로 모니터링. | G31: 광고비·클릭 약 58% 감소, 전환율 상승, ROAS 224%→408%. 매출은 -22%로 유입 감소 폭보다 작아 볼륨은 줄었지만 효율은 개선. 확인할 점: 기준기간에 10/21 저효율 키워드 일예산 감액이 함께 들어 있어 시간 제한만의 효과로 보기는 어렵습니다.
A32: 쇼핑검색 | B32: 넾다세일부터(10/26) 24시간 균등 노출로 원복 완료. 이후 시간대별 성과를 함께 확인. | G32: 유입 규모(광고비·클릭 약 +1%)는 유지됐지만 전환율, 매출(-24%), ROAS(490%→368%)가 하락. 노출 제외 시간에도 구매가 발생. 넾다세일로 검색·구매 수요가 커질 가능성이 있어 낮 시간대까지 확보. 시간대별 입찰 비중 조정 기능은 확인되지 않음. 확인할 점: 시간대별 구매 수치는 대행사 보고 기준이며 이 워크북에는 시간대 데이터가 없습니다. 10/26 이후는 원복과 넾다세일이 겹쳐 원복 효과만 따로 보기 어렵습니다.
A34: 출처: 노출 시간 제한 결과 정리는 대행사 코멘트(사용자 전달, 2026-10-29). 시간 설정은 10/14 시작. 노출 제외 시간대는 0~3시, 17~24시로 파워링크·쇼핑검색 동일(사용자 확인).

Sheet 목표_11-12월
A1: 11~12월 목표 (보수 / 기준 / 도전)
A2: 10월 실적의 상시 ROAS와 행사 ROAS를 매체별로 구한 뒤, 월별 행사일수에 따라 섞어서 목표 ROAS와 목표 매출을 계산합니다. 노란 칸의 가정을 바꾸면 전체가 다시 계산됩니다.
A4: 시나리오 가정 (입력)
A5: 항목 | B5: 보수 | C5: 기준 | D5: 도전 | E5: 근거
A6: 11월 행사일수 (일) | B6: 8 | C6: 11 | D6: 14 | E6: 보수 = 넾다세일 11/1~11/8 확정분 8일. 기준 = 여기에 아넬라 오늘끝딜(11월 2주 선정 대기) 등 3일 가정. 도전 = 영업팀 블랙프라이데이 행사 3일을 더 가정. 기준·도전의 추가 일수는 가정이며 일정 확정 시 수정
A7: 12월 행사일수 (일) | B7: 5 | C7: 8 | D7: 11 | E7: 12월 일정은 미정. 10월 행사 비중(28일 중 10일, 약 36%)을 31일로 환산한 11일을 도전으로, 기준·보수는 그보다 낮게 가정
A8: 이상치 보정 적용 (1=적용, 0=미적용) | B8: 1 | E8: 1이면 로지오가닉 메타 스스의 10/24~25를 상시 ROAS 계산에서 제외 (점검 시트 1번)
A10: 11월 매체별 목표
A11: 브랜드 | B11: 매체 | C11: 10월 상시 광고비(원) | D11: 10월 상시 매출(원) | E11: 10월 행사 광고비(원) | F11: 10월 행사 매출(원) | G11: 보정 광고비(원) | H11: 보정 매출(원) | I11: 상시 ROAS | J11: 행사 ROAS | K11: 11월 광고비(만원) | L11: 목표 ROAS 보수 | M11: 목표 ROAS 기준 | N11: 목표 ROAS 도전 | O11: 목표 매출 보수(만원) | P11: 목표 매출 기준(만원) | Q11: 목표 매출 도전(만원)
A12: 아넬라 | B12: 파워링크 | C12: =SUMIFS('데이터_광고'!$E$2:$E$500,'데이터_광고'!$A$2:$A$500,$A12,'데이터_광고'!$B$2:$B$500,$B12,'데이터_광고'!$J$2:$J$500,"상시") | D12: =SUMIFS('데이터_광고'!$I$2:$I$500,'데이터_광고'!$A$2:$A$500,$A12,'데이터_광고'!$B$2:$B$500,$B12,'데이터_광고'!$J$2:$J$500,"상시") | E12: =SUMIFS('데이터_광고'!$E$2:$E$500,'데이터_광고'!$A$2:$A$500,$A12,'데이터_광고'!$B$2:$B$500,$B12,'데이터_광고'!$J$2:$J$500,"행사") | F12: =SUMIFS('데이터_광고'!$I$2:$I$500,'데이터_광고'!$A$2:$A$500,$A12,'데이터_광고'!$B$2:$B$500,$B12,'데이터_광고'!$J$2:$J$500,"행사") | G12: =$B$8*SUMIFS('점검'!$D$14:$D$14,'점검'!$A$14:$A$14,$A12,'점검'!$B$14:$B$14,$B12) | H12: =$B$8*SUMIFS('점검'!$E$14:$E$14,'점검'!$A$14:$A$14,$A12,'점검'!$B$14:$B$14,$B12) | I12: =IF(C12-G12>0,(D12-H12)/(C12-G12),IF(E12>0,F12/E12,0)) | J12: =IF(E12>0,F12/E12,I12) | K12: =SUMIFS('가정'!$D$16:$D$27,'가정'!$A$16:$A$27,$A12,'가정'!$B$16:$B$27,$B12) | L12: =($B$6*$J12+('가정'!$B$10-$B$6)*$I12)/'가정'!$B$10 | M12: =($C$6*$J12+('가정'!$B$10-$C$6)*$I12)/'가정'!$B$10 | N12: =($D$6*$J12+('가정'!$B$10-$D$6)*$I12)/'가정'!$B$10 | O12: =$K12*L12 | P12: =$K12*M12 | Q12: =$K12*N12
A13: 아넬라 | B13: 쇼핑검색 | C13: =SUMIFS('데이터_광고'!$E$2:$E$500,'데이터_광고'!$A$2:$A$500,$A13,'데이터_광고'!$B$2:$B$500,$B13,'데이터_광고'!$J$2:$J$500,"상시") | D13: =SUMIFS('데이터_광고'!$I$2:$I$500,'데이터_광고'!$A$2:$A$500,$A13,'데이터_광고'!$B$2:$B$500,$B13,'데이터_광고'!$J$2:$J$500,"상시") | E13: =SUMIFS('데이터_광고'!$E$2:$E$500,'데이터_광고'!$A$2:$A$500,$A13,'데이터_광고'!$B$2:$B$500,$B13,'데이터_광고'!$J$2:$J$500,"행사") | F13: =SUMIFS('데이터_광고'!$I$2:$I$500,'데이터_광고'!$A$2:$A$500,$A13,'데이터_광고'!$B$2:$B$500,$B13,'데이터_광고'!$J$2:$J$500,"행사") | G13: =$B$8*SUMIFS('점검'!$D$14:$D$14,'점검'!$A$14:$A$14,$A13,'점검'!$B$14:$B$14,$B13) | H13: =$B$8*SUMIFS('점검'!$E$14:$E$14,'점검'!$A$14:$A$14,$A13,'점검'!$B$14:$B$14,$B13) | I13: =IF(C13-G13>0,(D13-H13)/(C13-G13),IF(E13>0,F13/E13,0)) | J13: =IF(E13>0,F13/E13,I13) | K13: =SUMIFS('가정'!$D$16:$D$27,'가정'!$A$16:$A$27,$A13,'가정'!$B$16:$B$27,$B13) | L13: =($B$6*$J13+('가정'!$B$10-$B$6)*$I13)/'가정'!$B$10 | M13: =($C$6*$J13+('가정'!$B$10-$C$6)*$I13)/'가정'!$B$10 | N13: =($D$6*$J13+('가정'!$B$10-$D$6)*$I13)/'가정'!$B$10 | O13: =$K13*L13 | P13: =$K13*M13 | Q13: =$K13*N13
A14: 아넬라 | B14: 브랜드검색 | C14: =SUMIFS('데이터_광고'!$E$2:$E$500,'데이터_광고'!$A$2:$A$500,$A14,'데이터_광고'!$B$2:$B$500,$B14,'데이터_광고'!$J$2:$J$500,"상시") | D14: =SUMIFS('데이터_광고'!$I$2:$I$500,'데이터_광고'!$A$2:$A$500,$A14,'데이터_광고'!$B$2:$B$500,$B14,'데이터_광고'!$J$2:$J$500,"상시") | E14: =SUMIFS('데이터_광고'!$E$2:$E$500,'데이터_광고'!$A$2:$A$500,$A14,'데이터_광고'!$B$2:$B$500,$B14,'데이터_광고'!$J$2:$J$500,"행사") | F14: =SUMIFS('데이터_광고'!$I$2:$I$500,'데이터_광고'!$A$2:$A$500,$A14,'데이터_광고'!$B$2:$B$500,$B14,'데이터_광고'!$J$2:$J$500,"행사") | G14: =$B$8*SUMIFS('점검'!$D$14:$D$14,'점검'!$A$14:$A$14,$A14,'점검'!$B$14:$B$14,$B14) | H14: =$B$8*SUMIFS('점검'!$E$14:$E$14,'점검'!$A$14:$A$14,$A14,'점검'!$B$14:$B$14,$B14) | I14: =IF(C14-G14>0,(D14-H14)/(C14-G14),IF(E14>0,F14/E14,0)) | J14: =IF(E14>0,F14/E14,I14) | K14: ='가정'!$B$38*'가정'!$B$10/10000 | L14: =($B$6*$J14+('가정'!$B$10-$B$6)*$I14)/'가정'!$B$10 | M14: =($C$6*$J14+('가정'!$B$10-$C$6)*$I14)/'가정'!$B$10 | N14: =($D$6*$J14+('가정'!$B$10-$D$6)*$I14)/'가정'!$B$10 | O14: =$K14*L14 | P14: =$K14*M14 | Q14: =$K14*N14
A15: 아넬라 | B15: GFA 카탈로그 | C15: =SUMIFS('데이터_광고'!$E$2:$E$500,'데이터_광고'!$A$2:$A$500,$A15,'데이터_광고'!$B$2:$B$500,$B15,'데이터_광고'!$J$2:$J$500,"상시") | D15: =SUMIFS('데이터_광고'!$I$2:$I$500,'데이터_광고'!$A$2:$A$500,$A15,'데이터_광고'!$B$2:$B$500,$B15,'데이터_광고'!$J$2:$J$500,"상시") | E15: =SUMIFS('데이터_광고'!$E$2:$E$500,'데이터_광고'!$A$2:$A$500,$A15,'데이터_광고'!$B$2:$B$500,$B15,'데이터_광고'!$J$2:$J$500,"행사") | F15: =SUMIFS('데이터_광고'!$I$2:$I$500,'데이터_광고'!$A$2:$A$500,$A15,'데이터_광고'!$B$2:$B$500,$B15,'데이터_광고'!$J$2:$J$500,"행사") | G15: =$B$8*SUMIFS('점검'!$D$14:$D$14,'점검'!$A$14:$A$14,$A15,'점검'!$B$14:$B$14,$B15) | H15: =$B$8*SUMIFS('점검'!$E$14:$E$14,'점검'!$A$14:$A$14,$A15,'점검'!$B$14:$B$14,$B15) | I15: =IF(C15-G15>0,(D15-H15)/(C15-G15),IF(E15>0,F15/E15,0)) | J15: =IF(E15>0,F15/E15,I15) | K15: =SUMIFS('가정'!$D$16:$D$27,'가정'!$A$16:$A$27,$A15,'가정'!$B$16:$B$27,$B15) | L15: =($B$6*$J15+('가정'!$B$10-$B$6)*$I15)/'가정'!$B$10 | M15: =($C$6*$J15+('가정'!$B$10-$C$6)*$I15)/'가정'!$B$10 | N15: =($D$6*$J15+('가정'!$B$10-$D$6)*$I15)/'가정'!$B$10 | O15: =$K15*L15 | P15: =$K15*M15 | Q15: =$K15*N15
A16: 아넬라 | B16: GFA 전환 | C16: =SUMIFS('데이터_광고'!$E$2:$E$500,'데이터_광고'!$A$2:$A$500,$A16,'데이터_광고'!$B$2:$B$500,$B16,'데이터_광고'!$J$2:$J$500,"상시") | D16: =SUMIFS('데이터_광고'!$I$2:$I$500,'데이터_광고'!$A$2:$A$500,$A16,'데이터_광고'!$B$2:$B$500,$B16,'데이터_광고'!$J$2:$J$500,"상시") | E16: =SUMIFS('데이터_광고'!$E$2:$E$500,'데이터_광고'!$A$2:$A$500,$A16,'데이터_광고'!$B$2:$B$500,$B16,'데이터_광고'!$J$2:$J$500,"행사") | F16: =SUMIFS('데이터_광고'!$I$2:$I$500,'데이터_광고'!$A$2:$A$500,$A16,'데이터_광고'!$B$2:$B$500,$B16,'데이터_광고'!$J$2:$J$500,"행사") | G16: =$B$8*SUMIFS('점검'!$D$14:$D$14,'점검'!$A$14:$A$14,$A16,'점검'!$B$14:$B$14,$B16) | H16: =$B$8*SUMIFS('점검'!$E$14:$E$14,'점검'!$A$14:$A$14,$A16,'점검'!$B$14:$B$14,$B16) | I16: =IF(C16-G16>0,(D16-H16)/(C16-G16),IF(E16>0,F16/E16,0)) | J16: =IF(E16>0,F16/E16,I16) | K16: =SUMIFS('가정'!$D$16:$D$27,'가정'!$A$16:$A$27,$A16,'가정'!$B$16:$B$27,$B16) | L16: =($B$6*$J16+('가정'!$B$10-$B$6)*$I16)/'가정'!$B$10 | M16: =($C$6*$J16+('가정'!$B$10-$C$6)*$I16)/'가정'!$B$10 | N16: =($D$6*$J16+('가정'!$B$10-$D$6)*$I16)/'가정'!$B$10 | O16: =$K16*L16 | P16: =$K16*M16 | Q16: =$K16*N16
A17: 아넬라 | B17: 메타 스스 | C17: =SUMIFS('데이터_광고'!$E$2:$E$500,'데이터_광고'!$A$2:$A$500,$A17,'데이터_광고'!$B$2:$B$500,$B17,'데이터_광고'!$J$2:$J$500,"상시") | D17: =SUMIFS('데이터_광고'!$I$2:$I$500,'데이터_광고'!$A$2:$A$500,$A17,'데이터_광고'!$B$2:$B$500,$B17,'데이터_광고'!$J$2:$J$500,"상시") | E17: =SUMIFS('데이터_광고'!$E$2:$E$500,'데이터_광고'!$A$2:$A$500,$A17,'데이터_광고'!$B$2:$B$500,$B17,'데이터_광고'!$J$2:$J$500,"행사") | F17: =SUMIFS('데이터_광고'!$I$2:$I$500,'데이터_광고'!$A$2:$A$500,$A17,'데이터_광고'!$B$2:$B$500,$B17,'데이터_광고'!$J$2:$J$500,"행사") | G17: =$B$8*SUMIFS('점검'!$D$14:$D$14,'점검'!$A$14:$A$14,$A17,'점검'!$B$14:$B$14,$B17) | H17: =$B$8*SUMIFS('점검'!$E$14:$E$14,'점검'!$A$14:$A$14,$A17,'점검'!$B$14:$B$14,$B17) | I17: =IF(C17-G17>0,(D17-H17)/(C17-G17),IF(E17>0,F17/E17,0)) | J17: =IF(E17>0,F17/E17,I17) | K17: =SUMIFS('가정'!$D$16:$D$27,'가정'!$A$16:$A$27,$A17,'가정'!$B$16:$B$27,$B17) | L17: =($B$6*$J17+('가정'!$B$10-$B$6)*$I17)/'가정'!$B$10 | M17: =($C$6*$J17+('가정'!$B$10-$C$6)*$I17)/'가정'!$B$10 | N17: =($D$6*$J17+('가정'!$B$10-$D$6)*$I17)/'가정'!$B$10 | O17: =$K17*L17 | P17: =$K17*M17 | Q17: =$K17*N17
A18: 아넬라 | B18: 메타 자사몰 | C18: =SUMIFS('데이터_광고'!$E$2:$E$500,'데이터_광고'!$A$2:$A$500,$A18,'데이터_광고'!$B$2:$B$500,$B18,'데이터_광고'!$J$2:$J$500,"상시") | D18: =SUMIFS('데이터_광고'!$I$2:$I$500,'데이터_광고'!$A$2:$A$500,$A18,'데이터_광고'!$B$2:$B$500,$B18,'데이터_광고'!$J$2:$J$500,"상시") | E18: =SUMIFS('데이터_광고'!$E$2:$E$500,'데이터_광고'!$A$2:$A$500,$A18,'데이터_광고'!$B$2:$B$500,$B18,'데이터_광고'!$J$2:$J$500,"행사") | F18: =SUMIFS('데이터_광고'!$I$2:$I$500,'데이터_광고'!$A$2:$A$500,$A18,'데이터_광고'!$B$2:$B$500,$B18,'데이터_광고'!$J$2:$J$500,"행사") | G18: =$B$8*SUMIFS('점검'!$D$14:$D$14,'점검'!$A$14:$A$14,$A18,'점검'!$B$14:$B$14,$B18) | H18: =$B$8*SUMIFS('점검'!$E$14:$E$14,'점검'!$A$14:$A$14,$A18,'점검'!$B$14:$B$14,$B18) | I18: =IF(C18-G18>0,(D18-H18)/(C18-G18),IF(E18>0,F18/E18,0)) | J18: =IF(E18>0,F18/E18,I18) | K18: =SUMIFS('가정'!$D$16:$D$27,'가정'!$A$16:$A$27,$A18,'가정'!$B$16:$B$27,$B18) | L18: =($B$6*$J18+('가정'!$B$10-$B$6)*$I18)/'가정'!$B$10 | M18: =($C$6*$J18+('가정'!$B$10-$C$6)*$I18)/'가정'!$B$10 | N18: =($D$6*$J18+('가정'!$B$10-$D$6)*$I18)/'가정'!$B$10 | O18: =$K18*L18 | P18: =$K18*M18 | Q18: =$K18*N18
A19: 아넬라 | B19: 합계 | K19: =SUM(K12:K18) | L19: =IF($K19=0,0,O19/$K19) | M19: =IF($K19=0,0,P19/$K19) | N19: =IF($K19=0,0,Q19/$K19) | O19: =SUM(O12:O18) | P19: =SUM(P12:P18) | Q19: =SUM(Q12:Q18)
A20: 로지오가닉 | B20: 파워링크 | C20: =SUMIFS('데이터_광고'!$E$2:$E$500,'데이터_광고'!$A$2:$A$500,$A20,'데이터_광고'!$B$2:$B$500,$B20,'데이터_광고'!$J$2:$J$500,"상시") | D20: =SUMIFS('데이터_광고'!$I$2:$I$500,'데이터_광고'!$A$2:$A$500,$A20,'데이터_광고'!$B$2:$B$500,$B20,'데이터_광고'!$J$2:$J$500,"상시") | E20: =SUMIFS('데이터_광고'!$E$2:$E$500,'데이터_광고'!$A$2:$A$500,$A20,'데이터_광고'!$B$2:$B$500,$B20,'데이터_광고'!$J$2:$J$500,"행사") | F20: =SUMIFS('데이터_광고'!$I$2:$I$500,'데이터_광고'!$A$2:$A$500,$A20,'데이터_광고'!$B$2:$B$500,$B20,'데이터_광고'!$J$2:$J$500,"행사") | G20: =$B$8*SUMIFS('점검'!$D$14:$D$14,'점검'!$A$14:$A$14,$A20,'점검'!$B$14:$B$14,$B20) | H20: =$B$8*SUMIFS('점검'!$E$14:$E$14,'점검'!$A$14:$A$14,$A20,'점검'!$B$14:$B$14,$B20) | I20: =IF(C20-G20>0,(D20-H20)/(C20-G20),IF(E20>0,F20/E20,0)) | J20: =IF(E20>0,F20/E20,I20) | K20: =SUMIFS('가정'!$D$16:$D$27,'가정'!$A$16:$A$27,$A20,'가정'!$B$16:$B$27,$B20) | L20: =($B$6*$J20+('가정'!$B$10-$B$6)*$I20)/'가정'!$B$10 | M20: =($C$6*$J20+('가정'!$B$10-$C$6)*$I20)/'가정'!$B$10 | N20: =($D$6*$J20+('가정'!$B$10-$D$6)*$I20)/'가정'!$B$10 | O20: =$K20*L20 | P20: =$K20*M20 | Q20: =$K20*N20
A21: 로지오가닉 | B21: 쇼핑검색 | C21: =SUMIFS('데이터_광고'!$E$2:$E$500,'데이터_광고'!$A$2:$A$500,$A21,'데이터_광고'!$B$2:$B$500,$B21,'데이터_광고'!$J$2:$J$500,"상시") | D21: =SUMIFS('데이터_광고'!$I$2:$I$500,'데이터_광고'!$A$2:$A$500,$A21,'데이터_광고'!$B$2:$B$500,$B21,'데이터_광고'!$J$2:$J$500,"상시") | E21: =SUMIFS('데이터_광고'!$E$2:$E$500,'데이터_광고'!$A$2:$A$500,$A21,'데이터_광고'!$B$2:$B$500,$B21,'데이터_광고'!$J$2:$J$500,"행사") | F21: =SUMIFS('데이터_광고'!$I$2:$I$500,'데이터_광고'!$A$2:$A$500,$A21,'데이터_광고'!$B$2:$B$500,$B21,'데이터_광고'!$J$2:$J$500,"행사") | G21: =$B$8*SUMIFS('점검'!$D$14:$D$14,'점검'!$A$14:$A$14,$A21,'점검'!$B$14:$B$14,$B21) | H21: =$B$8*SUMIFS('점검'!$E$14:$E$14,'점검'!$A$14:$A$14,$A21,'점검'!$B$14:$B$14,$B21) | I21: =IF(C21-G21>0,(D21-H21)/(C21-G21),IF(E21>0,F21/E21,0)) | J21: =IF(E21>0,F21/E21,I21) | K21: =SUMIFS('가정'!$D$16:$D$27,'가정'!$A$16:$A$27,$A21,'가정'!$B$16:$B$27,$B21) | L21: =($B$6*$J21+('가정'!$B$10-$B$6)*$I21)/'가정'!$B$10 | M21: =($C$6*$J21+('가정'!$B$10-$C$6)*$I21)/'가정'!$B$10 | N21: =($D$6*$J21+('가정'!$B$10-$D$6)*$I21)/'가정'!$B$10 | O21: =$K21*L21 | P21: =$K21*M21 | Q21: =$K21*N21
A22: 로지오가닉 | B22: 브랜드검색 | C22: =SUMIFS('데이터_광고'!$E$2:$E$500,'데이터_광고'!$A$2:$A$500,$A22,'데이터_광고'!$B$2:$B$500,$B22,'데이터_광고'!$J$2:$J$500,"상시") | D22: =SUMIFS('데이터_광고'!$I$2:$I$500,'데이터_광고'!$A$2:$A$500,$A22,'데이터_광고'!$B$2:$B$500,$B22,'데이터_광고'!$J$2:$J$500,"상시") | E22: =SUMIFS('데이터_광고'!$E$2:$E$500,'데이터_광고'!$A$2:$A$500,$A22,'데이터_광고'!$B$2:$B$500,$B22,'데이터_광고'!$J$2:$J$500,"행사") | F22: =SUMIFS('데이터_광고'!$I$2:$I$500,'데이터_광고'!$A$2:$A$500,$A22,'데이터_광고'!$B$2:$B$500,$B22,'데이터_광고'!$J$2:$J$500,"행사") | G22: =$B$8*SUMIFS('점검'!$D$14:$D$14,'점검'!$A$14:$A$14,$A22,'점검'!$B$14:$B$14,$B22) | H22: =$B$8*SUMIFS('점검'!$E$14:$E$14,'점검'!$A$14:$A$14,$A22,'점검'!$B$14:$B$14,$B22) | I22: =IF(C22-G22>0,(D22-H22)/(C22-G22),IF(E22>0,F22/E22,0)) | J22: =IF(E22>0,F22/E22,I22) | K22: ='가정'!$B$38*'가정'!$B$10/10000 | L22: =($B$6*$J22+('가정'!$B$10-$B$6)*$I22)/'가정'!$B$10 | M22: =($C$6*$J22+('가정'!$B$10-$C$6)*$I22)/'가정'!$B$10 | N22: =($D$6*$J22+('가정'!$B$10-$D$6)*$I22)/'가정'!$B$10 | O22: =$K22*L22 | P22: =$K22*M22 | Q22: =$K22*N22
A23: 로지오가닉 | B23: GFA 카탈로그 | C23: =SUMIFS('데이터_광고'!$E$2:$E$500,'데이터_광고'!$A$2:$A$500,$A23,'데이터_광고'!$B$2:$B$500,$B23,'데이터_광고'!$J$2:$J$500,"상시") | D23: =SUMIFS('데이터_광고'!$I$2:$I$500,'데이터_광고'!$A$2:$A$500,$A23,'데이터_광고'!$B$2:$B$500,$B23,'데이터_광고'!$J$2:$J$500,"상시") | E23: =SUMIFS('데이터_광고'!$E$2:$E$500,'데이터_광고'!$A$2:$A$500,$A23,'데이터_광고'!$B$2:$B$500,$B23,'데이터_광고'!$J$2:$J$500,"행사") | F23: =SUMIFS('데이터_광고'!$I$2:$I$500,'데이터_광고'!$A$2:$A$500,$A23,'데이터_광고'!$B$2:$B$500,$B23,'데이터_광고'!$J$2:$J$500,"행사") | G23: =$B$8*SUMIFS('점검'!$D$14:$D$14,'점검'!$A$14:$A$14,$A23,'점검'!$B$14:$B$14,$B23) | H23: =$B$8*SUMIFS('점검'!$E$14:$E$14,'점검'!$A$14:$A$14,$A23,'점검'!$B$14:$B$14,$B23) | I23: =IF(C23-G23>0,(D23-H23)/(C23-G23),IF(E23>0,F23/E23,0)) | J23: =IF(E23>0,F23/E23,I23) | K23: =SUMIFS('가정'!$D$16:$D$27,'가정'!$A$16:$A$27,$A23,'가정'!$B$16:$B$27,$B23) | L23: =($B$6*$J23+('가정'!$B$10-$B$6)*$I23)/'가정'!$B$10 | M23: =($C$6*$J23+('가정'!$B$10-$C$6)*$I23)/'가정'!$B$10 | N23: =($D$6*$J23+('가정'!$B$10-$D$6)*$I23)/'가정'!$B$10 | O23: =$K23*L23 | P23: =$K23*M23 | Q23: =$K23*N23
A24: 로지오가닉 | B24: GFA 전환 | C24: =SUMIFS('데이터_광고'!$E$2:$E$500,'데이터_광고'!$A$2:$A$500,$A24,'데이터_광고'!$B$2:$B$500,$B24,'데이터_광고'!$J$2:$J$500,"상시") | D24: =SUMIFS('데이터_광고'!$I$2:$I$500,'데이터_광고'!$A$2:$A$500,$A24,'데이터_광고'!$B$2:$B$500,$B24,'데이터_광고'!$J$2:$J$500,"상시") | E24: =SUMIFS('데이터_광고'!$E$2:$E$500,'데이터_광고'!$A$2:$A$500,$A24,'데이터_광고'!$B$2:$B$500,$B24,'데이터_광고'!$J$2:$J$500,"행사") | F24: =SUMIFS('데이터_광고'!$I$2:$I$500,'데이터_광고'!$A$2:$A$500,$A24,'데이터_광고'!$B$2:$B$500,$B24,'데이터_광고'!$J$2:$J$500,"행사") | G24: =$B$8*SUMIFS('점검'!$D$14:$D$14,'점검'!$A$14:$A$14,$A24,'점검'!$B$14:$B$14,$B24) | H24: =$B$8*SUMIFS('점검'!$E$14:$E$14,'점검'!$A$14:$A$14,$A24,'점검'!$B$14:$B$14,$B24) | I24: =IF(C24-G24>0,(D24-H24)/(C24-G24),IF(E24>0,F24/E24,0)) | J24: =IF(E24>0,F24/E24,I24) | K24: =SUMIFS('가정'!$D$16:$D$27,'가정'!$A$16:$A$27,$A24,'가정'!$B$16:$B$27,$B24) | L24: =($B$6*$J24+('가정'!$B$10-$B$6)*$I24)/'가정'!$B$10 | M24: =($C$6*$J24+('가정'!$B$10-$C$6)*$I24)/'가정'!$B$10 | N24: =($D$6*$J24+('가정'!$B$10-$D$6)*$I24)/'가정'!$B$10 | O24: =$K24*L24 | P24: =$K24*M24 | Q24: =$K24*N24
A25: 로지오가닉 | B25: 메타 스스 | C25: =SUMIFS('데이터_광고'!$E$2:$E$500,'데이터_광고'!$A$2:$A$500,$A25,'데이터_광고'!$B$2:$B$500,$B25,'데이터_광고'!$J$2:$J$500,"상시") | D25: =SUMIFS('데이터_광고'!$I$2:$I$500,'데이터_광고'!$A$2:$A$500,$A25,'데이터_광고'!$B$2:$B$500,$B25,'데이터_광고'!$J$2:$J$500,"상시") | E25: =SUMIFS('데이터_광고'!$E$2:$E$500,'데이터_광고'!$A$2:$A$500,$A25,'데이터_광고'!$B$2:$B$500,$B25,'데이터_광고'!$J$2:$J$500,"행사") | F25: =SUMIFS('데이터_광고'!$I$2:$I$500,'데이터_광고'!$A$2:$A$500,$A25,'데이터_광고'!$B$2:$B$500,$B25,'데이터_광고'!$J$2:$J$500,"행사") | G25: =$B$8*SUMIFS('점검'!$D$14:$D$14,'점검'!$A$14:$A$14,$A25,'점검'!$B$14:$B$14,$B25) | H25: =$B$8*SUMIFS('점검'!$E$14:$E$14,'점검'!$A$14:$A$14,$A25,'점검'!$B$14:$B$14,$B25) | I25: =IF(C25-G25>0,(D25-H25)/(C25-G25),IF(E25>0,F25/E25,0)) | J25: =IF(E25>0,F25/E25,I25) | K25: =SUMIFS('가정'!$D$16:$D$27,'가정'!$A$16:$A$27,$A25,'가정'!$B$16:$B$27,$B25) | L25: =($B$6*$J25+('가정'!$B$10-$B$6)*$I25)/'가정'!$B$10 | M25: =($C$6*$J25+('가정'!$B$10-$C$6)*$I25)/'가정'!$B$10 | N25: =($D$6*$J25+('가정'!$B$10-$D$6)*$I25)/'가정'!$B$10 | O25: =$K25*L25 | P25: =$K25*M25 | Q25: =$K25*N25
A26: 로지오가닉 | B26: 메타 자사몰 | C26: =SUMIFS('데이터_광고'!$E$2:$E$500,'데이터_광고'!$A$2:$A$500,$A26,'데이터_광고'!$B$2:$B$500,$B26,'데이터_광고'!$J$2:$J$500,"상시") | D26: =SUMIFS('데이터_광고'!$I$2:$I$500,'데이터_광고'!$A$2:$A$500,$A26,'데이터_광고'!$B$2:$B$500,$B26,'데이터_광고'!$J$2:$J$500,"상시") | E26: =SUMIFS('데이터_광고'!$E$2:$E$500,'데이터_광고'!$A$2:$A$500,$A26,'데이터_광고'!$B$2:$B$500,$B26,'데이터_광고'!$J$2:$J$500,"행사") | F26: =SUMIFS('데이터_광고'!$I$2:$I$500,'데이터_광고'!$A$2:$A$500,$A26,'데이터_광고'!$B$2:$B$500,$B26,'데이터_광고'!$J$2:$J$500,"행사") | G26: =$B$8*SUMIFS('점검'!$D$14:$D$14,'점검'!$A$14:$A$14,$A26,'점검'!$B$14:$B$14,$B26) | H26: =$B$8*SUMIFS('점검'!$E$14:$E$14,'점검'!$A$14:$A$14,$A26,'점검'!$B$14:$B$14,$B26) | I26: =IF(C26-G26>0,(D26-H26)/(C26-G26),IF(E26>0,F26/E26,0)) | J26: =IF(E26>0,F26/E26,I26) | K26: =SUMIFS('가정'!$D$16:$D$27,'가정'!$A$16:$A$27,$A26,'가정'!$B$16:$B$27,$B26) | L26: =($B$6*$J26+('가정'!$B$10-$B$6)*$I26)/'가정'!$B$10 | M26: =($C$6*$J26+('가정'!$B$10-$C$6)*$I26)/'가정'!$B$10 | N26: =($D$6*$J26+('가정'!$B$10-$D$6)*$I26)/'가정'!$B$10 | O26: =$K26*L26 | P26: =$K26*M26 | Q26: =$K26*N26
A27: 로지오가닉 | B27: 합계 | K27: =SUM(K20:K26) | L27: =IF($K27=0,0,O27/$K27) | M27: =IF($K27=0,0,P27/$K27) | N27: =IF($K27=0,0,Q27/$K27) | O27: =SUM(O20:O26) | P27: =SUM(P20:P26) | Q27: =SUM(Q20:Q26)
A29: KPI ROAS 하한 대비 판정 | L29: 보수 | M29: 기준 | N29: 도전 | O29: 필요 행사일수
A30: 아넬라 | B30: ='가정'!B42 | C30: 하한 | L30: =IF(L19>=$B30,"달성","미달") | M30: =IF(M19>=$B30,"달성","미달") | N30: =IF(N19>=$B30,"달성","미달") | O30: =IF(SUMPRODUCT(K12:K18,J12:J18-I12:I18)=0,0,($B30*K19-SUMPRODUCT(K12:K18,I12:I18))*'가정'!$B$10/SUMPRODUCT(K12:K18,J12:J18-I12:I18)) | P30: ← 하한 달성에 필요한 행사일수(현재 예산 기준)
A31: 로지오가닉 | B31: ='가정'!C42 | C31: 하한 | L31: =IF(L27>=$B31,"달성","미달") | M31: =IF(M27>=$B31,"달성","미달") | N31: =IF(N27>=$B31,"달성","미달") | O31: =IF(SUMPRODUCT(K20:K26,J20:J26-I20:I26)=0,0,($B31*K27-SUMPRODUCT(K20:K26,I20:I26))*'가정'!$B$10/SUMPRODUCT(K20:K26,J20:J26-I20:I26)) | P31: ← 하한 달성에 필요한 행사일수(현재 예산 기준)
A34: 12월 매체별 목표
A35: 브랜드 | B35: 매체 | C35: 10월 상시 광고비(원) | D35: 10월 상시 매출(원) | E35: 10월 행사 광고비(원) | F35: 10월 행사 매출(원) | G35: 보정 광고비(원) | H35: 보정 매출(원) | I35: 상시 ROAS | J35: 행사 ROAS | K35: 12월 광고비(만원) | L35: 목표 ROAS 보수 | M35: 목표 ROAS 기준 | N35: 목표 ROAS 도전 | O35: 목표 매출 보수(만원) | P35: 목표 매출 기준(만원) | Q35: 목표 매출 도전(만원)
A36: 아넬라 | B36: 파워링크 | C36: =SUMIFS('데이터_광고'!$E$2:$E$500,'데이터_광고'!$A$2:$A$500,$A36,'데이터_광고'!$B$2:$B$500,$B36,'데이터_광고'!$J$2:$J$500,"상시") | D36: =SUMIFS('데이터_광고'!$I$2:$I$500,'데이터_광고'!$A$2:$A$500,$A36,'데이터_광고'!$B$2:$B$500,$B36,'데이터_광고'!$J$2:$J$500,"상시") | E36: =SUMIFS('데이터_광고'!$E$2:$E$500,'데이터_광고'!$A$2:$A$500,$A36,'데이터_광고'!$B$2:$B$500,$B36,'데이터_광고'!$J$2:$J$500,"행사") | F36: =SUMIFS('데이터_광고'!$I$2:$I$500,'데이터_광고'!$A$2:$A$500,$A36,'데이터_광고'!$B$2:$B$500,$B36,'데이터_광고'!$J$2:$J$500,"행사") | G36: =$B$8*SUMIFS('점검'!$D$14:$D$14,'점검'!$A$14:$A$14,$A36,'점검'!$B$14:$B$14,$B36) | H36: =$B$8*SUMIFS('점검'!$E$14:$E$14,'점검'!$A$14:$A$14,$A36,'점검'!$B$14:$B$14,$B36) | I36: =IF(C36-G36>0,(D36-H36)/(C36-G36),IF(E36>0,F36/E36,0)) | J36: =IF(E36>0,F36/E36,I36) | K36: =SUMIFS('가정'!$E$16:$E$27,'가정'!$A$16:$A$27,$A36,'가정'!$B$16:$B$27,$B36) | L36: =($B$7*$J36+('가정'!$B$11-$B$7)*$I36)/'가정'!$B$11 | M36: =($C$7*$J36+('가정'!$B$11-$C$7)*$I36)/'가정'!$B$11 | N36: =($D$7*$J36+('가정'!$B$11-$D$7)*$I36)/'가정'!$B$11 | O36: =$K36*L36 | P36: =$K36*M36 | Q36: =$K36*N36
A37: 아넬라 | B37: 쇼핑검색 | C37: =SUMIFS('데이터_광고'!$E$2:$E$500,'데이터_광고'!$A$2:$A$500,$A37,'데이터_광고'!$B$2:$B$500,$B37,'데이터_광고'!$J$2:$J$500,"상시") | D37: =SUMIFS('데이터_광고'!$I$2:$I$500,'데이터_광고'!$A$2:$A$500,$A37,'데이터_광고'!$B$2:$B$500,$B37,'데이터_광고'!$J$2:$J$500,"상시") | E37: =SUMIFS('데이터_광고'!$E$2:$E$500,'데이터_광고'!$A$2:$A$500,$A37,'데이터_광고'!$B$2:$B$500,$B37,'데이터_광고'!$J$2:$J$500,"행사") | F37: =SUMIFS('데이터_광고'!$I$2:$I$500,'데이터_광고'!$A$2:$A$500,$A37,'데이터_광고'!$B$2:$B$500,$B37,'데이터_광고'!$J$2:$J$500,"행사") | G37: =$B$8*SUMIFS('점검'!$D$14:$D$14,'점검'!$A$14:$A$14,$A37,'점검'!$B$14:$B$14,$B37) | H37: =$B$8*SUMIFS('점검'!$E$14:$E$14,'점검'!$A$14:$A$14,$A37,'점검'!$B$14:$B$14,$B37) | I37: =IF(C37-G37>0,(D37-H37)/(C37-G37),IF(E37>0,F37/E37,0)) | J37: =IF(E37>0,F37/E37,I37) | K37: =SUMIFS('가정'!$E$16:$E$27,'가정'!$A$16:$A$27,$A37,'가정'!$B$16:$B$27,$B37) | L37: =($B$7*$J37+('가정'!$B$11-$B$7)*$I37)/'가정'!$B$11 | M37: =($C$7*$J37+('가정'!$B$11-$C$7)*$I37)/'가정'!$B$11 | N37: =($D$7*$J37+('가정'!$B$11-$D$7)*$I37)/'가정'!$B$11 | O37: =$K37*L37 | P37: =$K37*M37 | Q37: =$K37*N37
A38: 아넬라 | B38: 브랜드검색 | C38: =SUMIFS('데이터_광고'!$E$2:$E$500,'데이터_광고'!$A$2:$A$500,$A38,'데이터_광고'!$B$2:$B$500,$B38,'데이터_광고'!$J$2:$J$500,"상시") | D38: =SUMIFS('데이터_광고'!$I$2:$I$500,'데이터_광고'!$A$2:$A$500,$A38,'데이터_광고'!$B$2:$B$500,$B38,'데이터_광고'!$J$2:$J$500,"상시") | E38: =SUMIFS('데이터_광고'!$E$2:$E$500,'데이터_광고'!$A$2:$A$500,$A38,'데이터_광고'!$B$2:$B$500,$B38,'데이터_광고'!$J$2:$J$500,"행사") | F38: =SUMIFS('데이터_광고'!$I$2:$I$500,'데이터_광고'!$A$2:$A$500,$A38,'데이터_광고'!$B$2:$B$500,$B38,'데이터_광고'!$J$2:$J$500,"행사") | G38: =$B$8*SUMIFS('점검'!$D$14:$D$14,'점검'!$A$14:$A$14,$A38,'점검'!$B$14:$B$14,$B38) | H38: =$B$8*SUMIFS('점검'!$E$14:$E$14,'점검'!$A$14:$A$14,$A38,'점검'!$B$14:$B$14,$B38) | I38: =IF(C38-G38>0,(D38-H38)/(C38-G38),IF(E38>0,F38/E38,0)) | J38: =IF(E38>0,F38/E38,I38) | K38: ='가정'!$B$38*'가정'!$B$11/10000 | L38: =($B$7*$J38+('가정'!$B$11-$B$7)*$I38)/'가정'!$B$11 | M38: =($C$7*$J38+('가정'!$B$11-$C$7)*$I38)/'가정'!$B$11 | N38: =($D$7*$J38+('가정'!$B$11-$D$7)*$I38)/'가정'!$B$11 | O38: =$K38*L38 | P38: =$K38*M38 | Q38: =$K38*N38
A39: 아넬라 | B39: GFA 카탈로그 | C39: =SUMIFS('데이터_광고'!$E$2:$E$500,'데이터_광고'!$A$2:$A$500,$A39,'데이터_광고'!$B$2:$B$500,$B39,'데이터_광고'!$J$2:$J$500,"상시") | D39: =SUMIFS('데이터_광고'!$I$2:$I$500,'데이터_광고'!$A$2:$A$500,$A39,'데이터_광고'!$B$2:$B$500,$B39,'데이터_광고'!$J$2:$J$500,"상시") | E39: =SUMIFS('데이터_광고'!$E$2:$E$500,'데이터_광고'!$A$2:$A$500,$A39,'데이터_광고'!$B$2:$B$500,$B39,'데이터_광고'!$J$2:$J$500,"행사") | F39: =SUMIFS('데이터_광고'!$I$2:$I$500,'데이터_광고'!$A$2:$A$500,$A39,'데이터_광고'!$B$2:$B$500,$B39,'데이터_광고'!$J$2:$J$500,"행사") | G39: =$B$8*SUMIFS('점검'!$D$14:$D$14,'점검'!$A$14:$A$14,$A39,'점검'!$B$14:$B$14,$B39) | H39: =$B$8*SUMIFS('점검'!$E$14:$E$14,'점검'!$A$14:$A$14,$A39,'점검'!$B$14:$B$14,$B39) | I39: =IF(C39-G39>0,(D39-H39)/(C39-G39),IF(E39>0,F39/E39,0)) | J39: =IF(E39>0,F39/E39,I39) | K39: =SUMIFS('가정'!$E$16:$E$27,'가정'!$A$16:$A$27,$A39,'가정'!$B$16:$B$27,$B39) | L39: =($B$7*$J39+('가정'!$B$11-$B$7)*$I39)/'가정'!$B$11 | M39: =($C$7*$J39+('가정'!$B$11-$C$7)*$I39)/'가정'!$B$11 | N39: =($D$7*$J39+('가정'!$B$11-$D$7)*$I39)/'가정'!$B$11 | O39: =$K39*L39 | P39: =$K39*M39 | Q39: =$K39*N39
A40: 아넬라 | B40: GFA 전환 | C40: =SUMIFS('데이터_광고'!$E$2:$E$500,'데이터_광고'!$A$2:$A$500,$A40,'데이터_광고'!$B$2:$B$500,$B40,'데이터_광고'!$J$2:$J$500,"상시") | D40: =SUMIFS('데이터_광고'!$I$2:$I$500,'데이터_광고'!$A$2:$A$500,$A40,'데이터_광고'!$B$2:$B$500,$B40,'데이터_광고'!$J$2:$J$500,"상시") | E40: =SUMIFS('데이터_광고'!$E$2:$E$500,'데이터_광고'!$A$2:$A$500,$A40,'데이터_광고'!$B$2:$B$500,$B40,'데이터_광고'!$J$2:$J$500,"행사") | F40: =SUMIFS('데이터_광고'!$I$2:$I$500,'데이터_광고'!$A$2:$A$500,$A40,'데이터_광고'!$B$2:$B$500,$B40,'데이터_광고'!$J$2:$J$500,"행사") | G40: =$B$8*SUMIFS('점검'!$D$14:$D$14,'점검'!$A$14:$A$14,$A40,'점검'!$B$14:$B$14,$B40) | H40: =$B$8*SUMIFS('점검'!$E$14:$E$14,'점검'!$A$14:$A$14,$A40,'점검'!$B$14:$B$14,$B40) | I40: =IF(C40-G40>0,(D40-H40)/(C40-G40),IF(E40>0,F40/E40,0)) | J40: =IF(E40>0,F40/E40,I40) | K40: =SUMIFS('가정'!$E$16:$E$27,'가정'!$A$16:$A$27,$A40,'가정'!$B$16:$B$27,$B40) | L40: =($B$7*$J40+('가정'!$B$11-$B$7)*$I40)/'가정'!$B$11 | M40: =($C$7*$J40+('가정'!$B$11-$C$7)*$I40)/'가정'!$B$11 | N40: =($D$7*$J40+('가정'!$B$11-$D$7)*$I40)/'가정'!$B$11 | O40: =$K40*L40 | P40: =$K40*M40 | Q40: =$K40*N40
A41: 아넬라 | B41: 메타 스스 | C41: =SUMIFS('데이터_광고'!$E$2:$E$500,'데이터_광고'!$A$2:$A$500,$A41,'데이터_광고'!$B$2:$B$500,$B41,'데이터_광고'!$J$2:$J$500,"상시") | D41: =SUMIFS('데이터_광고'!$I$2:$I$500,'데이터_광고'!$A$2:$A$500,$A41,'데이터_광고'!$B$2:$B$500,$B41,'데이터_광고'!$J$2:$J$500,"상시") | E41: =SUMIFS('데이터_광고'!$E$2:$E$500,'데이터_광고'!$A$2:$A$500,$A41,'데이터_광고'!$B$2:$B$500,$B41,'데이터_광고'!$J$2:$J$500,"행사") | F41: =SUMIFS('데이터_광고'!$I$2:$I$500,'데이터_광고'!$A$2:$A$500,$A41,'데이터_광고'!$B$2:$B$500,$B41,'데이터_광고'!$J$2:$J$500,"행사") | G41: =$B$8*SUMIFS('점검'!$D$14:$D$14,'점검'!$A$14:$A$14,$A41,'점검'!$B$14:$B$14,$B41) | H41: =$B$8*SUMIFS('점검'!$E$14:$E$14,'점검'!$A$14:$A$14,$A41,'점검'!$B$14:$B$14,$B41) | I41: =IF(C41-G41>0,(D41-H41)/(C41-G41),IF(E41>0,F41/E41,0)) | J41: =IF(E41>0,F41/E41,I41) | K41: =SUMIFS('가정'!$E$16:$E$27,'가정'!$A$16:$A$27,$A41,'가정'!$B$16:$B$27,$B41) | L41: =($B$7*$J41+('가정'!$B$11-$B$7)*$I41)/'가정'!$B$11 | M41: =($C$7*$J41+('가정'!$B$11-$C$7)*$I41)/'가정'!$B$11 | N41: =($D$7*$J41+('가정'!$B$11-$D$7)*$I41)/'가정'!$B$11 | O41: =$K41*L41 | P41: =$K41*M41 | Q41: =$K41*N41
A42: 아넬라 | B42: 메타 자사몰 | C42: =SUMIFS('데이터_광고'!$E$2:$E$500,'데이터_광고'!$A$2:$A$500,$A42,'데이터_광고'!$B$2:$B$500,$B42,'데이터_광고'!$J$2:$J$500,"상시") | D42: =SUMIFS('데이터_광고'!$I$2:$I$500,'데이터_광고'!$A$2:$A$500,$A42,'데이터_광고'!$B$2:$B$500,$B42,'데이터_광고'!$J$2:$J$500,"상시") | E42: =SUMIFS('데이터_광고'!$E$2:$E$500,'데이터_광고'!$A$2:$A$500,$A42,'데이터_광고'!$B$2:$B$500,$B42,'데이터_광고'!$J$2:$J$500,"행사") | F42: =SUMIFS('데이터_광고'!$I$2:$I$500,'데이터_광고'!$A$2:$A$500,$A42,'데이터_광고'!$B$2:$B$500,$B42,'데이터_광고'!$J$2:$J$500,"행사") | G42: =$B$8*SUMIFS('점검'!$D$14:$D$14,'점검'!$A$14:$A$14,$A42,'점검'!$B$14:$B$14,$B42) | H42: =$B$8*SUMIFS('점검'!$E$14:$E$14,'점검'!$A$14:$A$14,$A42,'점검'!$B$14:$B$14,$B42) | I42: =IF(C42-G42>0,(D42-H42)/(C42-G42),IF(E42>0,F42/E42,0)) | J42: =IF(E42>0,F42/E42,I42) | K42: =SUMIFS('가정'!$E$16:$E$27,'가정'!$A$16:$A$27,$A42,'가정'!$B$16:$B$27,$B42) | L42: =($B$7*$J42+('가정'!$B$11-$B$7)*$I42)/'가정'!$B$11 | M42: =($C$7*$J42+('가정'!$B$11-$C$7)*$I42)/'가정'!$B$11 | N42: =($D$7*$J42+('가정'!$B$11-$D$7)*$I42)/'가정'!$B$11 | O42: =$K42*L42 | P42: =$K42*M42 | Q42: =$K42*N42
A43: 아넬라 | B43: 합계 | K43: =SUM(K36:K42) | L43: =IF($K43=0,0,O43/$K43) | M43: =IF($K43=0,0,P43/$K43) | N43: =IF($K43=0,0,Q43/$K43) | O43: =SUM(O36:O42) | P43: =SUM(P36:P42) | Q43: =SUM(Q36:Q42)
A44: 로지오가닉 | B44: 파워링크 | C44: =SUMIFS('데이터_광고'!$E$2:$E$500,'데이터_광고'!$A$2:$A$500,$A44,'데이터_광고'!$B$2:$B$500,$B44,'데이터_광고'!$J$2:$J$500,"상시") | D44: =SUMIFS('데이터_광고'!$I$2:$I$500,'데이터_광고'!$A$2:$A$500,$A44,'데이터_광고'!$B$2:$B$500,$B44,'데이터_광고'!$J$2:$J$500,"상시") | E44: =SUMIFS('데이터_광고'!$E$2:$E$500,'데이터_광고'!$A$2:$A$500,$A44,'데이터_광고'!$B$2:$B$500,$B44,'데이터_광고'!$J$2:$J$500,"행사") | F44: =SUMIFS('데이터_광고'!$I$2:$I$500,'데이터_광고'!$A$2:$A$500,$A44,'데이터_광고'!$B$2:$B$500,$B44,'데이터_광고'!$J$2:$J$500,"행사") | G44: =$B$8*SUMIFS('점검'!$D$14:$D$14,'점검'!$A$14:$A$14,$A44,'점검'!$B$14:$B$14,$B44) | H44: =$B$8*SUMIFS('점검'!$E$14:$E$14,'점검'!$A$14:$A$14,$A44,'점검'!$B$14:$B$14,$B44) | I44: =IF(C44-G44>0,(D44-H44)/(C44-G44),IF(E44>0,F44/E44,0)) | J44: =IF(E44>0,F44/E44,I44) | K44: =SUMIFS('가정'!$E$16:$E$27,'가정'!$A$16:$A$27,$A44,'가정'!$B$16:$B$27,$B44) | L44: =($B$7*$J44+('가정'!$B$11-$B$7)*$I44)/'가정'!$B$11 | M44: =($C$7*$J44+('가정'!$B$11-$C$7)*$I44)/'가정'!$B$11 | N44: =($D$7*$J44+('가정'!$B$11-$D$7)*$I44)/'가정'!$B$11 | O44: =$K44*L44 | P44: =$K44*M44 | Q44: =$K44*N44
A45: 로지오가닉 | B45: 쇼핑검색 | C45: =SUMIFS('데이터_광고'!$E$2:$E$500,'데이터_광고'!$A$2:$A$500,$A45,'데이터_광고'!$B$2:$B$500,$B45,'데이터_광고'!$J$2:$J$500,"상시") | D45: =SUMIFS('데이터_광고'!$I$2:$I$500,'데이터_광고'!$A$2:$A$500,$A45,'데이터_광고'!$B$2:$B$500,$B45,'데이터_광고'!$J$2:$J$500,"상시") | E45: =SUMIFS('데이터_광고'!$E$2:$E$500,'데이터_광고'!$A$2:$A$500,$A45,'데이터_광고'!$B$2:$B$500,$B45,'데이터_광고'!$J$2:$J$500,"행사") | F45: =SUMIFS('데이터_광고'!$I$2:$I$500,'데이터_광고'!$A$2:$A$500,$A45,'데이터_광고'!$B$2:$B$500,$B45,'데이터_광고'!$J$2:$J$500,"행사") | G45: =$B$8*SUMIFS('점검'!$D$14:$D$14,'점검'!$A$14:$A$14,$A45,'점검'!$B$14:$B$14,$B45) | H45: =$B$8*SUMIFS('점검'!$E$14:$E$14,'점검'!$A$14:$A$14,$A45,'점검'!$B$14:$B$14,$B45) | I45: =IF(C45-G45>0,(D45-H45)/(C45-G45),IF(E45>0,F45/E45,0)) | J45: =IF(E45>0,F45/E45,I45) | K45: =SUMIFS('가정'!$E$16:$E$27,'가정'!$A$16:$A$27,$A45,'가정'!$B$16:$B$27,$B45) | L45: =($B$7*$J45+('가정'!$B$11-$B$7)*$I45)/'가정'!$B$11 | M45: =($C$7*$J45+('가정'!$B$11-$C$7)*$I45)/'가정'!$B$11 | N45: =($D$7*$J45+('가정'!$B$11-$D$7)*$I45)/'가정'!$B$11 | O45: =$K45*L45 | P45: =$K45*M45 | Q45: =$K45*N45
A46: 로지오가닉 | B46: 브랜드검색 | C46: =SUMIFS('데이터_광고'!$E$2:$E$500,'데이터_광고'!$A$2:$A$500,$A46,'데이터_광고'!$B$2:$B$500,$B46,'데이터_광고'!$J$2:$J$500,"상시") | D46: =SUMIFS('데이터_광고'!$I$2:$I$500,'데이터_광고'!$A$2:$A$500,$A46,'데이터_광고'!$B$2:$B$500,$B46,'데이터_광고'!$J$2:$J$500,"상시") | E46: =SUMIFS('데이터_광고'!$E$2:$E$500,'데이터_광고'!$A$2:$A$500,$A46,'데이터_광고'!$B$2:$B$500,$B46,'데이터_광고'!$J$2:$J$500,"행사") | F46: =SUMIFS('데이터_광고'!$I$2:$I$500,'데이터_광고'!$A$2:$A$500,$A46,'데이터_광고'!$B$2:$B$500,$B46,'데이터_광고'!$J$2:$J$500,"행사") | G46: =$B$8*SUMIFS('점검'!$D$14:$D$14,'점검'!$A$14:$A$14,$A46,'점검'!$B$14:$B$14,$B46) | H46: =$B$8*SUMIFS('점검'!$E$14:$E$14,'점검'!$A$14:$A$14,$A46,'점검'!$B$14:$B$14,$B46) | I46: =IF(C46-G46>0,(D46-H46)/(C46-G46),IF(E46>0,F46/E46,0)) | J46: =IF(E46>0,F46/E46,I46) | K46: ='가정'!$B$38*'가정'!$B$11/10000 | L46: =($B$7*$J46+('가정'!$B$11-$B$7)*$I46)/'가정'!$B$11 | M46: =($C$7*$J46+('가정'!$B$11-$C$7)*$I46)/'가정'!$B$11 | N46: =($D$7*$J46+('가정'!$B$11-$D$7)*$I46)/'가정'!$B$11 | O46: =$K46*L46 | P46: =$K46*M46 | Q46: =$K46*N46
A47: 로지오가닉 | B47: GFA 카탈로그 | C47: =SUMIFS('데이터_광고'!$E$2:$E$500,'데이터_광고'!$A$2:$A$500,$A47,'데이터_광고'!$B$2:$B$500,$B47,'데이터_광고'!$J$2:$J$500,"상시") | D47: =SUMIFS('데이터_광고'!$I$2:$I$500,'데이터_광고'!$A$2:$A$500,$A47,'데이터_광고'!$B$2:$B$500,$B47,'데이터_광고'!$J$2:$J$500,"상시") | E47: =SUMIFS('데이터_광고'!$E$2:$E$500,'데이터_광고'!$A$2:$A$500,$A47,'데이터_광고'!$B$2:$B$500,$B47,'데이터_광고'!$J$2:$J$500,"행사") | F47: =SUMIFS('데이터_광고'!$I$2:$I$500,'데이터_광고'!$A$2:$A$500,$A47,'데이터_광고'!$B$2:$B$500,$B47,'데이터_광고'!$J$2:$J$500,"행사") | G47: =$B$8*SUMIFS('점검'!$D$14:$D$14,'점검'!$A$14:$A$14,$A47,'점검'!$B$14:$B$14,$B47) | H47: =$B$8*SUMIFS('점검'!$E$14:$E$14,'점검'!$A$14:$A$14,$A47,'점검'!$B$14:$B$14,$B47) | I47: =IF(C47-G47>0,(D47-H47)/(C47-G47),IF(E47>0,F47/E47,0)) | J47: =IF(E47>0,F47/E47,I47) | K47: =SUMIFS('가정'!$E$16:$E$27,'가정'!$A$16:$A$27,$A47,'가정'!$B$16:$B$27,$B47) | L47: =($B$7*$J47+('가정'!$B$11-$B$7)*$I47)/'가정'!$B$11 | M47: =($C$7*$J47+('가정'!$B$11-$C$7)*$I47)/'가정'!$B$11 | N47: =($D$7*$J47+('가정'!$B$11-$D$7)*$I47)/'가정'!$B$11 | O47: =$K47*L47 | P47: =$K47*M47 | Q47: =$K47*N47
A48: 로지오가닉 | B48: GFA 전환 | C48: =SUMIFS('데이터_광고'!$E$2:$E$500,'데이터_광고'!$A$2:$A$500,$A48,'데이터_광고'!$B$2:$B$500,$B48,'데이터_광고'!$J$2:$J$500,"상시") | D48: =SUMIFS('데이터_광고'!$I$2:$I$500,'데이터_광고'!$A$2:$A$500,$A48,'데이터_광고'!$B$2:$B$500,$B48,'데이터_광고'!$J$2:$J$500,"상시") | E48: =SUMIFS('데이터_광고'!$E$2:$E$500,'데이터_광고'!$A$2:$A$500,$A48,'데이터_광고'!$B$2:$B$500,$B48,'데이터_광고'!$J$2:$J$500,"행사") | F48: =SUMIFS('데이터_광고'!$I$2:$I$500,'데이터_광고'!$A$2:$A$500,$A48,'데이터_광고'!$B$2:$B$500,$B48,'데이터_광고'!$J$2:$J$500,"행사") | G48: =$B$8*SUMIFS('점검'!$D$14:$D$14,'점검'!$A$14:$A$14,$A48,'점검'!$B$14:$B$14,$B48) | H48: =$B$8*SUMIFS('점검'!$E$14:$E$14,'점검'!$A$14:$A$14,$A48,'점검'!$B$14:$B$14,$B48) | I48: =IF(C48-G48>0,(D48-H48)/(C48-G48),IF(E48>0,F48/E48,0)) | J48: =IF(E48>0,F48/E48,I48) | K48: =SUMIFS('가정'!$E$16:$E$27,'가정'!$A$16:$A$27,$A48,'가정'!$B$16:$B$27,$B48) | L48: =($B$7*$J48+('가정'!$B$11-$B$7)*$I48)/'가정'!$B$11 | M48: =($C$7*$J48+('가정'!$B$11-$C$7)*$I48)/'가정'!$B$11 | N48: =($D$7*$J48+('가정'!$B$11-$D$7)*$I48)/'가정'!$B$11 | O48: =$K48*L48 | P48: =$K48*M48 | Q48: =$K48*N48
A49: 로지오가닉 | B49: 메타 스스 | C49: =SUMIFS('데이터_광고'!$E$2:$E$500,'데이터_광고'!$A$2:$A$500,$A49,'데이터_광고'!$B$2:$B$500,$B49,'데이터_광고'!$J$2:$J$500,"상시") | D49: =SUMIFS('데이터_광고'!$I$2:$I$500,'데이터_광고'!$A$2:$A$500,$A49,'데이터_광고'!$B$2:$B$500,$B49,'데이터_광고'!$J$2:$J$500,"상시") | E49: =SUMIFS('데이터_광고'!$E$2:$E$500,'데이터_광고'!$A$2:$A$500,$A49,'데이터_광고'!$B$2:$B$500,$B49,'데이터_광고'!$J$2:$J$500,"행사") | F49: =SUMIFS('데이터_광고'!$I$2:$I$500,'데이터_광고'!$A$2:$A$500,$A49,'데이터_광고'!$B$2:$B$500,$B49,'데이터_광고'!$J$2:$J$500,"행사") | G49: =$B$8*SUMIFS('점검'!$D$14:$D$14,'점검'!$A$14:$A$14,$A49,'점검'!$B$14:$B$14,$B49) | H49: =$B$8*SUMIFS('점검'!$E$14:$E$14,'점검'!$A$14:$A$14,$A49,'점검'!$B$14:$B$14,$B49) | I49: =IF(C49-G49>0,(D49-H49)/(C49-G49),IF(E49>0,F49/E49,0)) | J49: =IF(E49>0,F49/E49,I49) | K49: =SUMIFS('가정'!$E$16:$E$27,'가정'!$A$16:$A$27,$A49,'가정'!$B$16:$B$27,$B49) | L49: =($B$7*$J49+('가정'!$B$11-$B$7)*$I49)/'가정'!$B$11 | M49: =($C$7*$J49+('가정'!$B$11-$C$7)*$I49)/'가정'!$B$11 | N49: =($D$7*$J49+('가정'!$B$11-$D$7)*$I49)/'가정'!$B$11 | O49: =$K49*L49 | P49: =$K49*M49 | Q49: =$K49*N49
A50: 로지오가닉 | B50: 메타 자사몰 | C50: =SUMIFS('데이터_광고'!$E$2:$E$500,'데이터_광고'!$A$2:$A$500,$A50,'데이터_광고'!$B$2:$B$500,$B50,'데이터_광고'!$J$2:$J$500,"상시") | D50: =SUMIFS('데이터_광고'!$I$2:$I$500,'데이터_광고'!$A$2:$A$500,$A50,'데이터_광고'!$B$2:$B$500,$B50,'데이터_광고'!$J$2:$J$500,"상시") | E50: =SUMIFS('데이터_광고'!$E$2:$E$500,'데이터_광고'!$A$2:$A$500,$A50,'데이터_광고'!$B$2:$B$500,$B50,'데이터_광고'!$J$2:$J$500,"행사") | F50: =SUMIFS('데이터_광고'!$I$2:$I$500,'데이터_광고'!$A$2:$A$500,$A50,'데이터_광고'!$B$2:$B$500,$B50,'데이터_광고'!$J$2:$J$500,"행사") | G50: =$B$8*SUMIFS('점검'!$D$14:$D$14,'점검'!$A$14:$A$14,$A50,'점검'!$B$14:$B$14,$B50) | H50: =$B$8*SUMIFS('점검'!$E$14:$E$14,'점검'!$A$14:$A$14,$A50,'점검'!$B$14:$B$14,$B50) | I50: =IF(C50-G50>0,(D50-H50)/(C50-G50),IF(E50>0,F50/E50,0)) | J50: =IF(E50>0,F50/E50,I50) | K50: =SUMIFS('가정'!$E$16:$E$27,'가정'!$A$16:$A$27,$A50,'가정'!$B$16:$B$27,$B50) | L50: =($B$7*$J50+('가정'!$B$11-$B$7)*$I50)/'가정'!$B$11 | M50: =($C$7*$J50+('가정'!$B$11-$C$7)*$I50)/'가정'!$B$11 | N50: =($D$7*$J50+('가정'!$B$11-$D$7)*$I50)/'가정'!$B$11 | O50: =$K50*L50 | P50: =$K50*M50 | Q50: =$K50*N50
A51: 로지오가닉 | B51: 합계 | K51: =SUM(K44:K50) | L51: =IF($K51=0,0,O51/$K51) | M51: =IF($K51=0,0,P51/$K51) | N51: =IF($K51=0,0,Q51/$K51) | O51: =SUM(O44:O50) | P51: =SUM(P44:P50) | Q51: =SUM(Q44:Q50)
A53: KPI ROAS 하한 대비 판정 | L53: 보수 | M53: 기준 | N53: 도전 | O53: 필요 행사일수
A54: 아넬라 | B54: ='가정'!B42 | C54: 하한 | L54: =IF(L43>=$B54,"달성","미달") | M54: =IF(M43>=$B54,"달성","미달") | N54: =IF(N43>=$B54,"달성","미달") | O54: =IF(SUMPRODUCT(K36:K42,J36:J42-I36:I42)=0,0,($B54*K43-SUMPRODUCT(K36:K42,I36:I42))*'가정'!$B$11/SUMPRODUCT(K36:K42,J36:J42-I36:I42)) | P54: ← 하한 달성에 필요한 행사일수(현재 예산 기준)
A55: 로지오가닉 | B55: ='가정'!C42 | C55: 하한 | L55: =IF(L51>=$B55,"달성","미달") | M55: =IF(M51>=$B55,"달성","미달") | N55: =IF(N51>=$B55,"달성","미달") | O55: =IF(SUMPRODUCT(K44:K50,J44:J50-I44:I50)=0,0,($B55*K51-SUMPRODUCT(K44:K50,I44:I50))*'가정'!$B$11/SUMPRODUCT(K44:K50,J44:J50-I44:I50)) | P55: ← 하한 달성에 필요한 행사일수(현재 예산 기준)
A58: 스마트스토어 일반상품 순매출 목표 (공동구매 제외, 만원)
A59: 브랜드 | B59: 월 | C59: 스스향 광고비(만원) | D59: 10월 통합 ROAS 상시 | E59: 10월 통합 ROAS 행사 | F59: 혼합 보수 | G59: 혼합 기준 | H59: 혼합 도전 | I59: 목표 순매출 보수 | J59: 목표 순매출 기준 | K59: 목표 순매출 도전
A60: 아넬라 | B60: 11월 | C60: =K19-K18 | D60: ='주차별_추이'!H20 | E60: ='주차별_추이'!I20 | F60: =($B$6*$E60+('가정'!$B$10-$B$6)*$D60)/'가정'!$B$10 | G60: =($C$6*$E60+('가정'!$B$10-$C$6)*$D60)/'가정'!$B$10 | H60: =($D$6*$E60+('가정'!$B$10-$D$6)*$D60)/'가정'!$B$10 | I60: =$C60*F60 | J60: =$C60*G60 | K60: =$C60*H60
A61: 아넬라 | B61: 12월 | C61: =K43-K42 | D61: ='주차별_추이'!H20 | E61: ='주차별_추이'!I20 | F61: =($B$7*$E61+('가정'!$B$11-$B$7)*$D61)/'가정'!$B$11 | G61: =($C$7*$E61+('가정'!$B$11-$C$7)*$D61)/'가정'!$B$11 | H61: =($D$7*$E61+('가정'!$B$11-$D$7)*$D61)/'가정'!$B$11 | I61: =$C61*F61 | J61: =$C61*G61 | K61: =$C61*H61
A62: 로지오가닉 | B62: 11월 | C62: =K27-K26 | D62: ='주차별_추이'!H41 | E62: ='주차별_추이'!I41 | F62: =($B$6*$E62+('가정'!$B$10-$B$6)*$D62)/'가정'!$B$10 | G62: =($C$6*$E62+('가정'!$B$10-$C$6)*$D62)/'가정'!$B$10 | H62: =($D$6*$E62+('가정'!$B$10-$D$6)*$D62)/'가정'!$B$10 | I62: =$C62*F62 | J62: =$C62*G62 | K62: =$C62*H62
A63: 로지오가닉 | B63: 12월 | C63: =K51-K50 | D63: ='주차별_추이'!H41 | E63: ='주차별_추이'!I41 | F63: =($B$7*$E63+('가정'!$B$11-$B$7)*$D63)/'가정'!$B$11 | G63: =($C$7*$E63+('가정'!$B$11-$C$7)*$D63)/'가정'!$B$11 | H63: =($D$7*$E63+('가정'!$B$11-$D$7)*$D63)/'가정'!$B$11 | I63: =$C63*F63 | J63: =$C63*G63 | K63: =$C63*H63
A64: 통합 ROAS = 스마트스토어 일반상품 순매출 ÷ 스스향 광고비(메타 자사몰 제외). 로지오가닉은 상시 구간에 이상치 이틀이 그대로 포함돼 있어 목표 순매출이 다소 높게 나올 수 있습니다.
A65: 목표 매출·순매출은 예산을 100% 사용한다고 가정한 값입니다. 10월 예산 소진율은 아넬라 약 84%, 로지오가닉 약 80%였습니다(10월_실적 시트).
A66: 아넬라 GFA 전환의 행사 ROAS는 귀속 지연·뷰스루 영향으로 높게 나왔을 가능성이 있어(점검 시트 4번), 이 매체의 목표 매출은 보수적으로 보는 편이 안전합니다.

Sheet 실행계획
A1: 11~12월 실행계획
A2: 근거 열은 10월 데이터 또는 사용자 전달 사항입니다. 상태가 "제안"인 항목은 담당·일정 확인이 필요합니다.
A4: # | B4: 브랜드 | C4: 매체·영역 | D4: 시기 | E4: 실행 내용 | F4: 목적 / 기대 효과 | G4: 근거 · 선행 조건 | H4: 상태
A5: 1 | B5: 공통 | C5: 메타 전체 | D5: 11/1~11/8 | E5: 넾다세일 기간 메타는 인스타그램 지면만 고정으로 운영하고, 저효율 지면은 OFF/감액을 유지. 광고 상품을 상시 상품(아넬라 퓨레 6+6, 로지 쌀과자 8봉)에서 영업팀 주력 상품으로 전환. | F5: 행사 구간 전환 극대화, 저효율 지면 비용 제거 | G5: 넾다세일 11/8 종료. 10월 중순부터 저효율 지면 OFF/감액 중 | H5: 진행 중
A6: 2 | B6: 공통 | C6: 네이버 검색·GFA | D6: 11/9~ | E6: 넾다세일 종료 후 상시 구간 데이터로 10/14(시간대 제한), 10/21(파워링크 저효율 키워드 감액), 10/26(무전환 지면 제외) 조치의 효과를 비교하고 유지·원복을 결정. | F6: 조치 효과 검증, 상시 ROAS 개선 | G6: 상시 구간 ROAS가 하한 달성의 관건 (성과분석 시트) | H6: 예정
A7: 3 | B7: 공통 | C7: 영업팀 협의 | D7: 11월 1주 내 | E7: 블랙프라이데이 등 11월 행사 일정을 영업팀과 협의. 행사 일정이 확정되면 목표 시트의 행사일수를 수정해 목표와 예산을 재산정. | F7: 행사일수 확보 (필요 행사일수는 목표 시트 참고) | G7: 행사 일정은 영업팀 소관, 현재 확정 일정은 넾다세일뿐 | H7: 제안
A8: 4 | B8: 공통 | C8: 메타 파트너십 | D8: 넾다세일 이후 | E8: 자사몰 첫구매 혜택 영상 소재를 파트너십광고로 운영. | F8: 자사몰 신규 구매 확보, 행사 외 시기 효율 방어 | G8: 자사몰 첫구매 전용 상품 매출 규모는 자사몰_매출 시트 참고(로지 쪽이 큼). 개편 시크릿링크 썸네일 소재와 병행 테스트 | H8: 예정
A9: 5 | B9: 아넬라 | C9: 네이버 오늘끝딜 | D9: 11월 2주 | E9: 오늘끝딜 선정 시 해당 일자 검색·메타 예산을 증액하고 소재를 행사 소구로 교체. 미선정 시 상시 운영 유지. | F9: 행사일수 +α, 기준 시나리오의 가정 충족 | G9: 선정 대기 중. 3주차(10/12~18) 오늘끝딜이 포함된 주의 ROAS는 1,300%대 | H9: 선정 대기
A10: 6 | B10: 아넬라 | C10: 메타 스스 | D10: 차주까지 | E10: 할인 소구 소재 1종과 브랜딩 또는 제품 소구 소재 1종을 교체 투입. | F10: 장기 유지 소재의 피로도 해소, 상시 구간 ROAS 개선 | G10: 4주차 메타 스스 ROAS 하락 (주간 리포트) | H10: 소재 준비 중
A11: 7 | B11: 아넬라 | C11: 메타 카탈로그 | D11: 11월 1~2주 | E11: 카탈로그 상품 세트를 영업팀 주력 상품 기준으로 재구성하고 ROAS 200% 이하 구간 개선. | F11: 카탈로그 효율 회복 | G11: 4주차 카탈로그 ROAS 189% (주간 리포트) | H11: 제안
A12: 8 | B12: 아넬라 | C12: 메타 자사몰 | D12: 11월 1주 | E12: 개편된 시크릿링크 썸네일로 광고 소재 제작. 웰컴박스·기획전은 보류를 유지. | F12: 자사몰 시크릿링크 ROAS 회복 | G12: 시크릿링크 ROAS가 주차 경과에 따라 하락 (주차별 추이) | H12: 제작 예정
A13: 9 | B13: 아넬라 | C13: GFA 전환 | D13: 소재 검토 후 | E13: 신규 소구점 5종 테스트는 소재 검토를 마친 뒤 재개. 재개 전 소구점·타겟 가설을 정리. | F13: 신규 소구점 발굴 | G13: 10/14~16 집행 시 구매 1건, 현재 HOLD | H13: HOLD
A14: 10 | B14: 아넬라 | C14: 쇼핑검색 | D14: 넾다세일 기간(~11/8) | E14: 넾다세일(10/26)부터 24시간 균등 노출로 원복 완료. 이후 시간대별 성과를 함께 확인. 과자(떡뻥) 캠페인은 롱테일 검색어 중심으로 정리. | F14: 행사 기간 낮 시간대 유입·매출 기회 확보 | G14: 시간 제한 후 ROAS 490%→368%, 매출 -24% (시간제한_검증 시트). 시간대별 입찰비중 조정 기능은 확인되지 않음 | H14: 원복 완료
A15: 11 | B15: 아넬라 | C15: 파워링크 | D15: 상시 | E15: 현행 노출 시간 설정(노출 제외 0~3시, 17~24시)을 유지하고 매출 볼륨을 추가로 모니터링. | F15: 효율 개선분(ROAS 224%→408%) 유지 | G15: 광고비 -58%에 매출 -22%. 10/21 저효율 키워드 감액이 같은 기간에 섞여 있음 (시간제한_검증 시트) | H15: 진행 중
A16: 12 | B16: 로지오가닉 | C16: 메타 스스 | D16: 차주 | E16: 네이버 협력광고 신규 소재 기획안을 전달하고 소재를 교체. 10/24~25 이상치 원인을 먼저 확인. | F16: 집계 신뢰도 확보, 메타 스스 효율 유지 | G16: 점검 시트 1번 (이틀 전환값이 스토어 결제의 수 배) | H16: 확인 필요
... A20: 16 | B20: 공통 | C20: 12월 | D20: 11월 말 | E20: 12월 예산은 11월 수준을 유지. 연말 행사 일정이 영업팀에서 나오는 대로 목표 시트의 12월 행사일수를 확정. | F20: 12월 목표 확정 | G20: 현재 12월 행사 일정 없음 | H20: 예정

Sheet 가정
A1: 가정·기준값
A2: 파란 글씨·노란 칸 = 입력값(수정 가능), 검정 = 수식. 다른 시트의 계산은 모두 이 시트와 데이터 시트를 참조합니다.
A4: 기간
A5: 집계 시작일 | B5: 46296 | F5: 광고 리포트·스마트스토어 파일의 시작일
A6: 집계 종료일 | B6: 46323 | F6: 광고 리포트·스마트스토어 파일의 종료일
A7: 집계 일수 | B7: =B6-B5+1
A8: 10월 일수 | B8: 31
A9: 10월 잔여일수 | B9: =B8-B7 | F9: 월말 예상치 계산에 사용 (10/29~10/31)
A10: 11월 일수 | B10: 30
A11: 12월 일수 | B11: 31
A12: "근접" 판정 기준 (달성률) | B12: 0.95 | F12: 달성률 100% 이상 = 달성, 이 값 이상 = 근접, 미만 = 미달
A14: 월 광고 예산 (만원, 네이버 VAT 미포함)
A15: 브랜드 | B15: 매체 | C15: 10월 | D15: 11월 | E15: 12월 | F15: 비고 (12월은 "11월 예산 유지" 가정으로 11월 값을 따라가며, 다른 값이 필요하면 E열을 덮어쓰기)
A16: 아넬라 | B16: 파워링크 | C16: 120 | D16: 120 | E16: =D16
A17: 아넬라 | B17: 쇼핑검색 | C17: 380 | D17: 380 | E17: =D17
A18: 아넬라 | B18: GFA 카탈로그 | C18: 30 | D18: 30 | E18: =D18
A19: 아넬라 | B19: GFA 전환 | C19: 250 | D19: 150 | E19: =D19 | F19: 신규 소구 5종 테스트가 소재 검토로 HOLD 중이라 11월 감액
A20: 아넬라 | B20: 메타 스스 | C20: 200 | D20: 200 | E20: =D20
A21: 아넬라 | B21: 메타 자사몰 | C21: 250 | D21: 180 | E21: =D21 | F21: 웰컴박스·기획전 보류로 축소
A22: 로지오가닉 | B22: 파워링크 | C22: 120 | D22: 120 | E22: =D22
A23: 로지오가닉 | B23: 쇼핑검색 | C23: 250 | D23: 250 | E23: =D23
A24: 로지오가닉 | B24: GFA 카탈로그 | C24: 30 | D24: 30 | E24: =D24
A25: 로지오가닉 | B25: GFA 전환 | C25: 0 | D25: 20 | E25: =D25 | F25: 11월 신설, 넾다세일 한정 예산. 12월은 11월 유지 가정에 따라 같은 값이 들어가므로 사용처 확정 필요
A26: 로지오가닉 | B26: 메타 스스 | C26: 250 | D26: 215 | E26: =D26 | F26: 넾다세일로 약간 감액
A27: 로지오가닉 | B27: 메타 자사몰 | C27: 180 | D27: 150 | E27: =D27 | F27: 보리차 시크릿링크 보류로 감액
A28: 아넬라 | B28: 합계 | C28: =SUMIFS(C$16:C$27,$A$16:$A$27,$A28) | D28: =SUMIFS(D$16:D$27,$A$16:$A$27,$A28) | E28: =SUMIFS(E$16:E$27,$A$16:$A$27,$A28)
A29: 로지오가닉 | B29: 합계 | C29: =SUMIFS(C$16:C$27,$A$16:$A$27,$A29) | D29: =SUMIFS(D$16:D$27,$A$16:$A$27,$A29) | E29: =SUMIFS(E$16:E$27,$A$16:$A$27,$A29)
A30: 전체 | B30: 합계 | C30: =C28+C29 | D30: =D28+D29 | E30: =E28+E29
A32: 제시 합계(검증용) 아넬라 | C32: 1230 | D32: 1060 | E32: =D32 | F32: 출처: 사용자가 전달한 10월·11월 예산 총액. 12월은 11월 유지
A33: 제시 합계(검증용) 로지오가닉 | C33: 830 | D33: 785 | E33: =D33
A34: 검증: 합계 차이 (0이면 일치) | C34: =ABS(C28-C32)+ABS(C29-C33) | D34: =ABS(D28-D32)+ABS(D29-D33) | E34: =ABS(E28-E32)+ABS(E29-E33)
A36: 브랜드검색 정액 (예산표 외 별도 과금)
A37: 월 정액 (원, 브랜드별) | B37: 880000 | F37: 출처: 9월 월간 리포트 하단 주석 (정액제 2,640,000원/90일을 30일분으로 환산). 주간 리포트의 광고비 집계와 같은 방식
A38: 일 안분액 (원) | B38: =B37/30
A40: 4분기 KPI 보고안 기준 (2026.10.06 갱신본)
A41: 항목 | B41: 아넬라 | C41: 로지오가닉 | F41: 출처·비고
A42: 광고 ROAS 하한 | B42: 8.5 | C42: 4.2 | F42: 4분기 KPI 보고안 "ROAS 하한 근거" (8·9월 월간 ROAS가 이 값 이상)
A43: 광고 기준 목표 주문 (건/월) | B43: 2700 | C43: 1700 | F43: 4분기 KPI 보고안 (9월 ROAS 유지 시 월 환산)
A44: KPI안 광고예산 10월 (만원) | B44: 1300 | C44: 900 | F44: 실행 예산 + 브랜드검색 정액(월 88만원)이 포함된 값
A45: KPI안 광고예산 11월 (만원) | B45: 1200 | C45: 800
A46: KPI안 광고예산 12월 (만원) | B46: 1300 | C46: 800
A48: 기간 구분 (광고 성과를 상시/행사로 나누는 기준)
A49: 기간 코드 | B49: 시작일 | C49: 종료일 | D49: 일수 | E49: 구분 | F49: 주요 이슈
A50: P1 | B50: 46296 | C50: 46299 | D50: =C50-B50+1 | E50: 상시 | F50: 9주차(9/28~10/4) 중 10/1~10/4만 포함
A51: P2 | B51: 46300 | C51: 46306 | D51: =C51-B51+1 | E51: 상시 | F51: 10월 2주차. 4주차 주간 리포트가 "상시 기간"으로 언급
A52: P3 | B52: 46307 | C52: 46313 | D52: =C52-B52+1 | E52: 행사 | F52: 아넬라: 라이프위크·오늘끝딜·1+1 이벤트 (3주차 주간 리포트). 로지도 라이프위크
A53: P4 | B53: 46314 | C53: 46320 | D53: =C53-B53+1 | E53: 상시 | F53: 1+1은 10/19 오전 종료 후 별도 행사 없음 (4주차 주간 리포트)
A54: P5 | B54: 46321 | C54: 46323 | D54: =C54-B54+1 | E54: 행사 | F54: 10/26 넾다세일 시작 (아넬라·로지 모두 11/8까지)

Sheet 점검
A1: 데이터 점검
A2: 팀장 확인이 필요한 데이터 이슈와, 목표 산정에 쓰는 보정값입니다.
A4: 1. 로지오가닉 메타 스스: 10/24~10/25 전환이 스토어 실제 결제보다 큼
A5: 날짜 | B5: 메타 광고비(원) | C5: 메타 구매(건) | D5: 메타 구매 전환값(원) | E5: 로지 스토어 결제금액(총, 공구 포함, 원) | F5: 메타 전환값 ÷ 스토어 결제금액 | G5: 보정 대상 (Y = 목표 산정에서 제외)
A6: 46317 | B6: 60129 | C6: 20 | D6: 403681 | E6: =SUMIFS('데이터_SS일별'!$E$2:$E$400,'데이터_SS일별'!$A$2:$A$400,"로지오가닉",'데이터_SS일별'!$B$2:$B$400,A6) | F6: =IF(E6=0,0,D6/E6) | G6: N
A7: 46318 | B7: 68710 | C7: 17 | D7: 428400 | E7: =SUMIFS('데이터_SS일별'!$E$2:$E$400,'데이터_SS일별'!$A$2:$A$400,"로지오가닉",'데이터_SS일별'!$B$2:$B$400,A7) | F7: =IF(E7=0,0,D7/E7) | G7: N
A8: 46319 | B8: 53199 | C8: 70 | D8: 2670512 | E8: =SUMIFS('데이터_SS일별'!$E$2:$E$400,'데이터_SS일별'!$A$2:$A$400,"로지오가닉",'데이터_SS일별'!$B$2:$B$400,A8) | F8: =IF(E8=0,0,D8/E8) | G8: Y
A9: 46320 | B9: 80781 | C9: 108 | D9: 3970440 | E9: =SUMIFS('데이터_SS일별'!$E$2:$E$400,'데이터_SS일별'!$A$2:$A$400,"로지오가닉",'데이터_SS일별'!$B$2:$B$400,A9) | F9: =IF(E9=0,0,D9/E9) | G9: Y
A10: 46321 | B10: 18966 | C10: 46 | D10: 1839198 | E10: =SUMIFS('데이터_SS일별'!$E$2:$E$400,'데이터_SS일별'!$A$2:$A$400,"로지오가닉",'데이터_SS일별'!$B$2:$B$400,A10) | F10: =IF(E10=0,0,D10/E10) | G10: N
A12: 보정값 (목표 산정용)
A13: 브랜드 | B13: 매체 | D13: 보정 광고비(원) | E13: 보정 매출(원)
A14: 로지오가닉 | B14: 메타 스스 | D14: =SUMIFS(B6:B10,G6:G10,"Y") | E14: =SUMIFS(D6:D10,G6:G10,"Y")
A15: 이틀 합계 전환값이 같은 이틀 스토어 결제금액(총)의 몇 배인가 | D15: =IF(SUMIFS(E6:E10,G6:G10,"Y")=0,0,E14/SUMIFS(E6:E10,G6:G10,"Y"))
A16: 해석: 같은 이틀 로지 스토어 전체 결제(공구 포함)보다 메타가 보고한 전환값이 큽니다. 실제 주문이 아닌 전환 집계 이슈(협력광고 연동·중복 집계 등) 가능성이 있어 메타·네이버 협력광고 담당에게 확인이 필요합니다. 11~12월 목표 산정에서는 이 이틀을 제외합니다(목표 시트의 보정 스위치).
A19: 2. 광고 귀속 매출과 스마트스토어 일반상품 순매출 비교
A20: 스토어(브랜드) | B20: 스마트스토어 일반상품 순매출(원) | C20: 스스향 광고 귀속 매출(원) | D20: 귀속 매출 ÷ 순매출 | E20: 공구 상품 판매(총, 참고, 원) | F20: 공구 비중 (스토어 결제 총액 대비) | G20: 메모
A21: 아넬라 | B21: ='주차별_추이'!G17 | C21: ='주차별_추이'!G10-SUMIFS('데이터_광고'!$I$2:$I$500,'데이터_광고'!$A$2:$A$500,A21,'데이터_광고'!$B$2:$B$500,"메타 자사몰") | D21: =IF(B21=0,0,C21/B21) | E21: =SUMIFS('데이터_SS일별'!$E$2:$E$400,'데이터_SS일별'!$A$2:$A$400,A21,'데이터_SS일별'!$C$2:$C$400,"공구") | F21: =IF(E21+SUMIFS('데이터_SS일별'!$E$2:$E$400,'데이터_SS일별'!$A$2:$A$400,A21,'데이터_SS일별'!$C$2:$C$400,"일반")=0,0,E21/(E21+SUMIFS('데이터_SS일별'!$E$2:$E$400,'데이터_SS일별'!$A$2:$A$400,A21,'데이터_SS일별'!$C$2:$C$400,"일반"))) | G21: 아넬라 스토어에는 공동구매 상품이 없습니다.
A22: 로지오가닉 | B22: ='주차별_추이'!G38 | C22: ='주차별_추이'!G31-SUMIFS('데이터_광고'!$I$2:$I$500,'데이터_광고'!$A$2:$A$500,A22,'데이터_광고'!$B$2:$B$500,"메타 자사몰") | D22: =IF(B22=0,0,C22/B22) | E22: =SUMIFS('데이터_SS일별'!$E$2:$E$400,'데이터_SS일별'!$A$2:$A$400,A22,'데이터_SS일별'!$C$2:$C$400,"공구") | F22: =IF(E22+SUMIFS('데이터_SS일별'!$E$2:$E$400,'데이터_SS일별'!$A$2:$A$400,A22,'데이터_SS일별'!$C$2:$C$400,"일반")=0,0,E22/(E22+SUMIFS('데이터_SS일별'!$E$2:$E$400,'데이터_SS일별'!$A$2:$A$400,A22,'데이터_SS일별'!$C$2:$C$400,"일반"))) | G22: 순매출 대비 귀속 매출이 100%에 가까우면 일반상품 매출 대부분이 광고에 귀속된 것이며, 귀속 기준이 달라 100% 초과도 가능합니다.
A25: 3. 데이터 정합 점검 (0이면 일치)
A26: 스토어 | B26: 일별 시트 일반 순매출 | C26: 상품 시트 일반 순매출 | D26: 차이
A27: 아넬라 | B27: =SUMIFS('데이터_SS일별'!$F$2:$F$400,'데이터_SS일별'!$A$2:$A$400,A27,'데이터_SS일별'!$C$2:$C$400,"일반") | C27: =SUMIFS('데이터_SS상품'!$F$2:$F$600,'데이터_SS상품'!$A$2:$A$600,A27,'데이터_SS상품'!$H$2:$H$600,"일반") | D27: =B27-C27
A28: 로지오가닉 | B28: =SUMIFS('데이터_SS일별'!$F$2:$F$400,'데이터_SS일별'!$A$2:$A$400,A28,'데이터_SS일별'!$C$2:$C$400,"일반") | C28: =SUMIFS('데이터_SS상품'!$F$2:$F$600,'데이터_SS상품'!$A$2:$A$600,A28,'데이터_SS상품'!$H$2:$H$600,"일반") | D28: =B28-C28
A31: 4. GFA 귀속 지연 가능성 (광고비 0원인데 매출이 잡힌 그룹)
A32: 그룹 | B32: 광고비(원) | C32: 구매(건) | D32: 매출(원)
A33: 아넬라_프로모_추석세일 | B33: =SUMIFS('데이터_광고'!$E$2:$E$500,'데이터_광고'!$C$2:$C$500,A33) | C33: =SUMIFS('데이터_광고'!$H$2:$H$500,'데이터_광고'!$C$2:$C$500,A33) | D33: =SUMIFS('데이터_광고'!$I$2:$I$500,'데이터_광고'!$C$2:$C$500,A33)
A34: 추석세일 종료(9/22) 후에도 10월에 구매가 귀속됨. 월 합계에는 포함했고 일별 ROAS는 쓰지 않았습니다.
A35: 노출 0인 날에도 전환이 잡히므로, 행사 구간 아넬라 GFA 전환 ROAS(주차별_추이 시트)는 실제보다 높을 수 있습니다.
A36: 5. 기준 확인
A37: · 광고비는 리포트 원본 값입니다. 네이버 VAT 포함 여부는 기존 주간·월간 리포트와 같은 방식으로 맞췄으며, 예산표(VAT 미포함)와의 정확한 대응은 확인이 필요합니다.
A38: · 매출은 매체가 보고한 구매(구매완료) 귀속 매출이라 스마트스토어 결제금액과 같지 않습니다.
A39: · 아넬라 GFA 상시 소재는 10/26~10/28 노출이 없는 날에도 전환이 잡혀 귀속 지연으로 봅니다(사용자 확인).
A40: · 자사몰 매출 파일에는 기간이 없어 10월 전체로 보았습니다. 판매합계가 쿠폰·할인 반영 실결제인지, 10/28까지인지 확인이 필요합니다.

Sheet 데이터_광고
A1: 브랜드 | B1: 매체 | C1: 캠페인·광고그룹 | D1: 기간 | E1: 광고비(원) | F1: 노출 | G1: 클릭 | H1: 구매 | I1: 매출(원) | J1: 구분
A2: 아넬라 | B2: 파워링크 | C2: SA_아넬라 캠페인 | D2: P1 | E2: 129552 | F2: 8342 | G2: 129 | H2: 8 | I2: 372270 | J2: =INDEX('가정'!$E$50:$E$54,MATCH(D2,'가정'!$A$50:$A$54,0))
A3: 아넬라 | B3: 파워링크 | C3: SA_아넬라 캠페인 | D3: P2 | E3: 247256 | F3: 17572 | G3: 246 | H3: 15 | I3: 553300 | J3: =INDEX('가정'!$E$50:$E$54,MATCH(D3,'가정'!$A$50:$A$54,0))
A4: 아넬라 | B4: 파워링크 | C4: SA_아넬라 캠페인 | D4: P3 | E4: 170181 | F4: 15888 | G4: 179 | H4: 34 | I4: 1590800 | J4: =INDEX('가정'!$E$50:$E$54,MATCH(D4,'가정'!$A$50:$A$54,0))
A5: 아넬라 | B5: 파워링크 | C5: SA_아넬라 캠페인 | D5: P4 | E5: 105149 | F5: 7592 | G5: 102 | H5: 14 | I5: 429000 | J5: =INDEX('가정'!$E$50:$E$54,MATCH(D5,'가정'!$A$50:$A$54,0))
A6: 아넬라 | B6: 파워링크 | C6: SA_아넬라 캠페인 | D6: P5 | E6: 59385 | F6: 5658 | G6: 65 | H6: 15 | I6: 590900 | J6: =INDEX('가정'!$E$50:$E$54,MATCH(D6,'가정'!$A$50:$A$54,0))
A7: 아넬라 | B7: 쇼핑검색 | C7: SSA_아넬라_과자(떡뻥) 캠페인 | D7: P1 | E7: 84453 | F7: 2877 | G7: 56 | H7: 7 | I7: 133600 | J7: =INDEX('가정'!$E$50:$E$54,MATCH(D7,'가정'!$A$50:$A$54,0))
A8: 아넬라 | B8: 쇼핑검색 | C8: SSA_아넬라_과자(떡뻥) 캠페인 | D8: P2 | E8: 134690 | F8: 5417 | G8: 91 | H8: 5 | I8: 128400 | J8: =INDEX('가정'!$E$50:$E$54,MATCH(D8,'가정'!$A$50:$A$54,0))
A9: 아넬라 | B9: 쇼핑검색 | C9: SSA_아넬라_과자(떡뻥) 캠페인 | D9: P3 | E9: 207641 | F9: 8201 | G9: 142 | H9: 26 | I9: 573430 | J9: =INDEX('가정'!$E$50:$E$54,MATCH(D9,'가정'!$A$50:$A$54,0))
A10: 아넬라 | B10: 쇼핑검색 | C10: SSA_아넬라_과자(떡뻥) 캠페인 | D10: P4 | E10: 281505 | F10: 11447 | G10: 195 | H10: 21 | I10: 443200 | J10: =INDEX('가정'!$E$50:$E$54,MATCH(D10,'가정'!$A$50:$A$54,0))
A11: 아넬라 | B11: 쇼핑검색 | C11: SSA_아넬라_과자(떡뻥) 캠페인 | D11: P5 | E11: 136053 | F11: 4428 | G11: 101 | H11: 25 | I11: 538020 | J11: =INDEX('가정'!$E$50:$E$54,MATCH(D11,'가정'!$A$50:$A$54,0))
A12: 아넬라 | B12: 쇼핑검색 | C12: SSA_아넬라_퓨레 캠페인 | D12: P1 | E12: 296534 | F12: 58191 | G12: 299 | H12: 33 | I12: 1452600 | J12: =INDEX('가정'!$E$50:$E$54,MATCH(D12,'가정'!$A$50:$A$54,0))
A13: 아넬라 | B13: 쇼핑검색 | C13: SSA_아넬라_퓨레 캠페인 | D13: P2 | E13: 621434 | F13: 215744 | G13: 625 | H13: 86 | I13: 3577300 | J13: =INDEX('가정'!$E$50:$E$54,MATCH(D13,'가정'!$A$50:$A$54,0))
... A16: 아넬라 | B16: 쇼핑검색 | C16: SSA_아넬라_퓨레 캠페인 | D16: P5 | E16: 379196 | F16: 188866 | G16: 409 | H16: 92 | I16: 4166290 | J16: =INDEX('가정'!$E$50:$E$54,MATCH(D16,'가정'!$A$50:$A$54,0))
A17: 아넬라 | B17: 브랜드검색 | C17: 아넬라_브검_모바일 | D17: P1 | E17: ='가정'!$B$38*INDEX('가정'!$D$50:$D$54,MATCH(D17,'가정'!$A$50:$A$54,0)) | F17: 517 | G17: 192 | H17: 36 | I17: 1920190 | J17: =INDEX('가정'!$E$50:$E$54,MATCH(D17,'가정'!$A$50:$A$54,0))
A18: 아넬라 | B18: 브랜드검색 | C18: 아넬라_브검_모바일 | D18: P2 | E18: ='가정'!$B$38*INDEX('가정'!$D$50:$D$54,MATCH(D18,'가정'!$A$50:$A$54,0)) | F18: 1019 | G18: 438 | H18: 69 | I18: 2968600 | J18: =INDEX('가정'!$E$50:$E$54,MATCH(D18,'가정'!$A$50:$A$54,0))
A19: 아넬라 | B19: 브랜드검색 | C19: 아넬라_브검_모바일 | D19: P3 | E19: ='가정'!$B$38*INDEX('가정'!$D$50:$D$54,MATCH(D19,'가정'!$A$50:$A$54,0)) | F19: 1177 | G19: 621 | H19: 218 | I19: 10766370 | J19: =INDEX('가정'!$E$50:$E$54,MATCH(D19,'가정'!$A$50:$A$54,0))
A20: 아넬라 | B20: 브랜드검색 | C20: 아넬라_브검_모바일 | D20: P4 | E20: ='가정'!$B$38*INDEX('가정'!$D$50:$D$54,MATCH(D20,'가정'!$A$50:$A$54,0)) | F20: 933 | G20: 464 | H20: 80 | I20: 3431850 | J20: =INDEX('가정'!$E$50:$E$54,MATCH(D20,'가정'!$A$50:$A$54,0))
A21: 아넬라 | B21: 브랜드검색 | C21: 아넬라_브검_모바일 | D21: P5 | E21: ='가정'!$B$38*INDEX('가정'!$D$50:$D$54,MATCH(D21,'가정'!$A$50:$A$54,0)) | F21: 465 | G21: 246 | H21: 117 | I21: 5729640 | J21: =INDEX('가정'!$E$50:$E$54,MATCH(D21,'가정'!$A$50:$A$54,0))
A22: 아넬라 | B22: GFA 카탈로그 | C22: 2601_카탈로그_아넬라 | D22: P1 | E22: 26396 | F22: 1509 | G22: 19 | H22: 1 | I22: 59500 | J22: =INDEX('가정'!$E$50:$E$54,MATCH(D22,'가정'!$A$50:$A$54,0))
A23: 아넬라 | B23: GFA 카탈로그 | C23: 2601_카탈로그_아넬라 | D23: P2 | E23: 47509 | F23: 2430 | G23: 33 | H23: 3 | I23: 64000 | J23: =INDEX('가정'!$E$50:$E$54,MATCH(D23,'가정'!$A$50:$A$54,0))
A24: 아넬라 | B24: GFA 카탈로그 | C24: 2601_카탈로그_아넬라 | D24: P3 | E24: 45677 | F24: 3400 | G24: 41 | H24: 12 | I24: 663400 | J24: =INDEX('가정'!$E$50:$E$54,MATCH(D24,'가정'!$A$50:$A$54,0))
A25: 아넬라 | B25: GFA 카탈로그 | C25: 2601_카탈로그_아넬라 | D25: P4 | E25: 49626 | F25: 2855 | G25: 41 | H25: 3 | I25: 213100 | J25: =INDEX('가정'!$E$50:$E$54,MATCH(D25,'가정'!$A$50:$A$54,0))
A26: 아넬라 | B26: GFA 카탈로그 | C26: 2601_카탈로그_아넬라 | D26: P5 | E26: 23457 | F26: 2042 | G26: 25 | H26: 8 | I26: 370900 | J26: =INDEX('가정'!$E$50:$E$54,MATCH(D26,'가정'!$A$50:$A$54,0))
A27: 아넬라 | B27: GFA 전환 | C27: 넾다세일 | D27: P5 | E27: 149681 | F27: 7995 | G27: 126 | H27: 15 | I27: 688400 | J27: =INDEX('가정'!$E$50:$E$54,MATCH(D27,'가정'!$A$50:$A$54,0))
A28: 아넬라 | B28: GFA 전환 | C28: 아넬라_상시_테스트 운영 | D28: P1 | E28: 186378 | F28: 14093 | G28: 264 | H28: 11 | I28: 554900 | J28: =INDEX('가정'!$E$50:$E$54,MATCH(D28,'가정'!$A$50:$A$54,0))
A29: 아넬라 | B29: GFA 전환 | C29: 아넬라_상시_테스트 운영 | D29: P2 | E29: 329300 | F29: 22665 | G29: 469 | H29: 31 | I29: 1334300 | J29: =INDEX('가정'!$E$50:$E$54,MATCH(D29,'가정'!$A$50:$A$54,0))
A30: 아넬라 | B30: GFA 전환 | C30: 아넬라_상시_테스트 운영 | D30: P3 | E30: 328368 | F30: 27380 | G30: 503 | H30: 130 | I30: 6994890 | J30: =INDEX('가정'!$E$50:$E$54,MATCH(D30,'가정'!$A$50:$A$54,0))
A31: 아넬라 | B31: GFA 전환 | C31: 아넬라_상시_테스트 운영 | D31: P4 | E31: 342513 | F31: 25701 | G31: 437 | H31: 30 | I31: 1303500 | J31: =INDEX('가정'!$E$50:$E$54,MATCH(D31,'가정'!$A$50:$A$54,0))
A32: 아넬라 | B32: GFA 전환 | C32: 아넬라_상시_테스트 운영 | D32: P5 | E32: 14314 | F32: 1222 | G32: 22 | H32: 57 | I32: 2788170 | J32: =INDEX('가정'!$E$50:$E$54,MATCH(D32,'가정'!$A$50:$A$54,0))
A33: 아넬라 | B33: GFA 전환 | C33: 아넬라_신규타겟_소구5종 | D33: P3 | E33: 117360 | F33: 42359 | G33: 160 | H33: 1 | I33: 53900 | J33: =INDEX('가정'!$E$50:$E$54,MATCH(D33,'가정'!$A$50:$A$54,0))
... A71: 로지오가닉 | B71: 쇼핑검색 | C71: SSA_로지오가닉_음료 캠페인 | D71: P5 | E71: 32854 | F71: 2475 | G71: 35 | H71: 6 | I71: 249620 | J71: =INDEX('가정'!$E$50:$E$54,MATCH(D71,'가정'!$A$50:$A$54,0))
A72: 로지오가닉 | B72: 브랜드검색 | C72: 로지오가닉_브검_모바일 | D72: P1 | E72: ='가정'!$B$38*INDEX('가정'!$D$50:$D$54,MATCH(D72,'가정'!$A$50:$A$54,0)) | F72: 439 | G72: 177 | H72: 30 | I72: 728360 | J72: =INDEX('가정'!$E$50:$E$54,MATCH(D72,'가정'!$A$50:$A$54,0))
A73: 로지오가닉 | B73: 브랜드검색 | C73: 로지오가닉_브검_모바일 | D73: P2 | E73: ='가정'!$B$38*INDEX('가정'!$D$50:$D$54,MATCH(D73,'가정'!$A$50:$A$54,0)) | F73: 717 | G73: 308 | H73: 81 | I73: 2068190 | J73: =INDEX('가정'!$E$50:$E$54,MATCH(D73,'가정'!$A$50:$A$54,0))
A74: 로지오가닉 | B74: 브랜드검색 | C74: 로지오가닉_브검_모바일 | D74: P3 | E74: ='가정'!$B$38*INDEX('가정'!$D$50:$D$54,MATCH(D74,'가정'!$A$50:$A$54,0)) | F74: 814 | G74: 361 | H74: 110 | I74: 2704780 | J74: =INDEX('가정'!$E$50:$E$54,MATCH(D74,'가정'!$A$50:$A$54,0))
A75: 로지오가닉 | B75: 브랜드검색 | C75: 로지오가닉_브검_모바일 | D75: P4 | E75: ='가정'!$B$38*INDEX('가정'!$D$50:$D$54,MATCH(D75,'가정'!$A$50:$A$54,0)) | F75: 765 | G75: 295 | H75: 59 | I75: 1654620 | J75: =INDEX('가정'!$E$50:$E$54,MATCH(D75,'가정'!$A$50:$A$54,0))
A76: 로지오가닉 | B76: 브랜드검색 | C76: 로지오가닉_브검_모바일 | D76: P5 | E76: ='가정'!$B$38*INDEX('가정'!$D$50:$D$54,MATCH(D76,'가정'!$A$50:$A$54,0)) | F76: 393 | G76: 158 | H76: 52 | I76: 1222170 | J76: =INDEX('가정'!$E$50:$E$54,MATCH(D76,'가정'!$A$50:$A$54,0))
A77: 로지오가닉 | B77: GFA 카탈로그 | C77: 2605_카탈로그_로지오가닉 | D77: P1 | E77: 24543 | F77: 1308 | G77: 24 | H77: 1 | I77: 54660 | J77: =INDEX('가정'!$E$50:$E$54,MATCH(D77,'가정'!$A$50:$A$54,0))
A78: 로지오가닉 | B78: GFA 카탈로그 | C78: 2605_카탈로그_로지오가닉 | D78: P2 | E78: 51653 | F78: 2219 | G78: 57 | H78: 13 | I78: 420100 | J78: =INDEX('가정'!$E$50:$E$54,MATCH(D78,'가정'!$A$50:$A$54,0))
A79: 로지오가닉 | B79: GFA 카탈로그 | C79: 2605_카탈로그_로지오가닉 | D79: P3 | E79: 43709 | F79: 3637 | G79: 49 | H79: 15 | I79: 419330 | J79: =INDEX('가정'!$E$50:$E$54,MATCH(D79,'가정'!$A$50:$A$54,0))
A80: 로지오가닉 | B80: GFA 카탈로그 | C80: 2605_카탈로그_로지오가닉 | D80: P4 | E80: 46258 | F80: 2541 | G80: 48 | H80: 4 | I80: 79400 | J80: =INDEX('가정'!$E$50:$E$54,MATCH(D80,'가정'!$A$50:$A$54,0))
A81: 로지오가닉 | B81: GFA 카탈로그 | C81: 2605_카탈로그_로지오가닉 | D81: P5 | E81: 18120 | F81: 1597 | G81: 20 | H81: 5 | I81: 110300 | J81: =INDEX('가정'!$E$50:$E$54,MATCH(D81,'가정'!$A$50:$A$54,0))
A82: 로지오가닉 | B82: GFA 전환 | C82: 2610_로지오가닉_넾다세일 | D82: P5 | E82: 82280 | F82: 3377 | G82: 87 | H82: 6 | I82: 91550 | J82: =INDEX('가정'!$E$50:$E$54,MATCH(D82,'가정'!$A$50:$A$54,0))
A83: 로지오가닉 | B83: 메타 스스 | C83: SUS_로지오가닉_과자(상시)_구매_260506 | D83: P1 | E83: 297280 | F83: 23017 | G83: 344 | H83: 27 | I83: 908022 | J83: =INDEX('가정'!$E$50:$E$54,MATCH(D83,'가정'!$A$50:$A$54,0))
A84: 로지오가닉 | B84: 메타 스스 | C84: SUS_로지오가닉_과자(상시)_구매_260506 | D84: P2 | E84: 496129 | F84: 41615 | G84: 570 | H84: 35 | I84: 882265 | J84: =INDEX('가정'!$E$50:$E$54,MATCH(D84,'가정'!$A$50:$A$54,0))
A85: 로지오가닉 | B85: 메타 스스 | C85: SUS_로지오가닉_과자(상시)_구매_260506 | D85: P3 | E85: 501980 | F85: 37352 | G85: 479 | H85: 97 | I85: 2236938 | J85: =INDEX('가정'!$E$50:$E$54,MATCH(D85,'가정'!$A$50:$A$54,0))
A86: 로지오가닉 | B86: 메타 스스 | C86: SUS_로지오가닉_과자(상시)_구매_260506 | D86: P4 | E86: 488111 | F86: 38838 | G86: 588 | H86: 269 | I86: 8550973 | J86: =INDEX('가정'!$E$50:$E$54,MATCH(D86,'가정'!$A$50:$A$54,0))
A87: 로지오가닉 | B87: 메타 스스 | C87: SUS_로지오가닉_과자(상시)_구매_260506 | D87: P5 | E87: 97394 | F87: 8708 | G87: 122 | H87: 88 | I87: 3225072 | J87: =INDEX('가정'!$E$50:$E$54,MATCH(D87,'가정'!$A$50:$A$54,0))
A88: 로지오가닉 | B88: 메타 자사몰 | C88: SUS_로지_전환_자사몰(과자시크릿링크)_260818 | D88: P1 | E88: 202199 | F88: 25568 | G88: 487 | H88: 56 | I88: 1515700 | J88: =INDEX('가정'!$E$50:$E$54,MATCH(D88,'가정'!$A$50:$A$54,0))
... A92: 로지오가닉 | B92: 메타 자사몰 | C92: SUS_로지_전환_자사몰(과자시크릿링크)_260818 | D92: P5 | E92: 163843 | F92: 15851 | G92: 331 | H92: 39 | I92: 859600 | J92: =INDEX('가정'!$E$50:$E$54,MATCH(D92,'가정'!$A$50:$A$54,0))

Sheet 데이터_SS일별
A1: 스토어 | B1: 날짜 | C1: 구분 | D1: 결제건수 | E1: 판매금액(총,원) | F1: 판매금액(순,원) | G1: 환불금액(원)
A2: 로지오가닉 | B2: 46296 | C2: 공구 | D2: 1 | E2: 28900 | F2: 28900 | G2: 0
A3: 로지오가닉 | B3: 46296 | C3: 일반 | D3: 68 | E3: 1213180 | F3: 1136080 | G3: 77100
A4: 로지오가닉 | B4: 46297 | C4: 공구 | D4: 0 | E4: 0 | F4: -99600 | G4: 99600
A5: 로지오가닉 | B5: 46297 | C5: 일반 | D5: 52 | E5: 793460 | F5: 750060 | G5: 43400
A6: 로지오가닉 | B6: 46298 | C6: 공구 | D6: 0 | E6: 0 | F6: 0 | G6: 0
A7: 로지오가닉 | B7: 46298 | C7: 일반 | D7: 29 | E7: 466260 | F7: 407260 | G7: 59000
A8: 로지오가닉 | B8: 46299 | C8: 공구 | D8: 0 | E8: 0 | F8: 0 | G8: 0
A9: 로지오가닉 | B9: 46299 | C9: 일반 | D9: 36 | E9: 615500 | F9: 556100 | G9: 59400
A10: 로지오가닉 | B10: 46300 | C10: 공구 | D10: 53 | E10: 1968700 | F10: 1916000 | G10: 52700
A11: 로지오가닉 | B11: 46300 | C11: 일반 | D11: 62 | E11: 1013700 | F11: 911600 | G11: 102100
A12: 로지오가닉 | B12: 46301 | C12: 공구 | D12: 137 | E12: 4815500 | F12: 4737100 | G12: 78400
A13: 로지오가닉 | B13: 46301 | C13: 일반 | D13: 56 | E13: 1104640 | F13: 1071340 | G13: 33300
... A85: 아넬라 | B85: 46323 | C85: 일반 | D85: 146 | E85: 4652400 | F85: 4228230 | G85: 424170

Sheet 데이터_SS상품
A1: 스토어 | B1: 채널상품번호 | C1: 채널상품명 | D1: 결제건수 | E1: 판매금액(총,원) | F1: 판매금액(순,원) | G1: 환불금액(원) | H1: 구분
A2: 아넬라 | B2: 6567763298 | C2: 아넬라퓨레 10팩+10팩 짜먹는아넬라 시작과일A 과일퓨레 | D2: 1381 | E2: 62408830 | F2: 59526430 | G2: 2882400 | H2: =IF(ISNUMBER(SEARCH("공동구매",C2)),"공구","일반")
A3: 아넬라 | B3: 4699796793 | C3: 아넬라 짜먹는 아넬라 HOP 사과 1팩 외 과일퓨레 아기간식 | D3: 1739 | E3: 15751140 | F3: 15265790 | G3: 485350 | H3: =IF(ISNUMBER(SEARCH("공동구매",C3)),"공구","일반")
A4: 아넬라 | B4: 397517974 | C4: 아넬라 과일퓨레 아기 첫과일 세트 (5팩+HOP3팩) 이유식퓨레 아이간식 | D4: 286 | E4: 8696460 | F4: 8252390 | G4: 444070 | H4: =IF(ISNUMBER(SEARCH("공동구매",C4)),"공구","일반")
A5: 아넬라 | B5: 5594143615 | C5: 아넬라 짜먹는 과일퓨레 HOP 20팩 골라 담기 사과 이유식 아기퓨레 아이간식 | D5: 395 | E5: 5097810 | F5: 4851810 | G5: 246000 | H5: =IF(ISNUMBER(SEARCH("공동구매",C5)),"공구","일반")
A6: 아넬라 | B6: 6606201032 | C6: 로지오가닉 유기농 아기쌀과자 시작퍼프 8봉 | D6: 238 | E6: 4883000 | F6: 3965700 | G6: 917300 | H6: =IF(ISNUMBER(SEARCH("공동구매",C6)),"공구","일반")
A7: 아넬라 | B7: 3839735885 | C7: 아넬라 과일퓨레 10팩 시작과일A+HOP2팩 아기이유식 퓨레 | D7: 107 | E7: 4470790 | F7: 4201890 | G7: 268900 | H7: =IF(ISNUMBER(SEARCH("공동구매",C7)),"공구","일반")
A8: 아넬라 | B8: 9526176049 | C8: 아넬라 아기과자 유기농 쌀과자 퍼프&롱떡뻥 4봉+4봉 | D8: 214 | E8: 4309590 | F8: 4134890 | G8: 174700 | H8: =IF(ISNUMBER(SEARCH("공동구매",C8)),"공구","일반")
A9: 아넬라 | B9: 397517703 | C9: 아넬라 과일퓨레 15팩 시작과일 A+HOP3팩 아기이유식 퓨레 | D9: 46 | E9: 3012960 | F9: 2947460 | G9: 65500 | H9: =IF(ISNUMBER(SEARCH("공동구매",C9)),"공구","일반")
A10: 아넬라 | B10: 4940248654 | C10: 아넬라 과일퓨레 6팩 골라 담기 사과 이유식 아기퓨레 아이간식 | D10: 383 | E10: 2681370 | F10: 2520170 | G10: 161200 | H10: =IF(ISNUMBER(SEARCH("공동구매",C10)),"공구","일반")
A11: 아넬라 | B11: 5028323731 | C11: 아넬라 과일퓨레 12팩 골라 담기 사과 이유식 아기퓨레 아이간식 | D11: 223 | E11: 2244600 | F11: 2112600 | G11: 132000 | H11: =IF(ISNUMBER(SEARCH("공동구매",C11)),"공구","일반")
A12: 아넬라 | B12: 4719900633 | C12: 아넬라 짜먹는 아기 과일퓨레 HOP 8팩 시작과일 A+2팩 | D12: 72 | E12: 2184100 | F12: 2115300 | G12: 68800 | H12: =IF(ISNUMBER(SEARCH("공동구매",C12)),"공구","일반")
A13: 아넬라 | B13: 9530726438 | C13: 아넬라 아기과자 유기농 쌀과자 골라 담기 롱떡뻥 사과 외 6종 | D13: 351 | E13: 2064290 | F13: 1883690 | G13: 180600 | H13: =IF(ISNUMBER(SEARCH("공동구매",C13)),"공구","일반")
... A156: 로지오가닉 | B156: 13736856616 | C156: 로지오가닉 처음 마시는 유기농 진한 배도라지즙 아기 보리차 공동구매 2차 | D156: 0 | E156: 0 | F156: -99600 | G156: 99600 | H156: =IF(ISNUMBER(SEARCH("공동구매",C156)),"공구","일반")

Sheet 데이터_자사몰
A1: 상품코드 | B1: 상품명 | C1: 판매가(원) | D1: 결제수량 | E1: 환불수량 | F1: 판매수량 | G1: 판매합계(원) | H1: 브랜드 | I1: 구분
A2: P00000GM | B2: [시크릿 특가] 로지오가닉 아기쌀과자 퍼프 스틱 떡뻥 요거팝 | C2: 26500 | D2: 323 | E2: 17 | F2: 306 | G2: 6135000 | H2: =IF(AND(ISNUMBER(SEARCH("아넬라",B2)),ISNUMBER(SEARCH("로지오가닉",B2))),"공통",IF(ISNUMBER(SEARCH("아넬라",B2)),"아넬라",IF(ISNUMBER(SEARCH("로지오가닉",B2)),"로지오가닉","기타"))) | I2: =IF(ISNUMBER(SEARCH("시크릿 특가",B2)),"시크릿특가",IF(ISNUMBER(SEARCH("첫구매 전용",B2)),"첫구매전용","그 외"))
A3: P00000FA | B3: [첫구매 전용] 로지오가닉 아기간식 골라담기 | 무료배송 | C3: 19900 | D3: 209 | E3: 3 | F3: 206 | G3: 2105600 | H3: =IF(AND(ISNUMBER(SEARCH("아넬라",B3)),ISNUMBER(SEARCH("로지오가닉",B3))),"공통",IF(ISNUMBER(SEARCH("아넬라",B3)),"아넬라",IF(ISNUMBER(SEARCH("로지오가닉",B3)),"로지오가닉","기타"))) | I3: =IF(ISNUMBER(SEARCH("시크릿 특가",B3)),"시크릿특가",IF(ISNUMBER(SEARCH("첫구매 전용",B3)),"첫구매전용","그 외"))
A4: P00000EU | B4: [시크릿 특가] 아넬라 HOP타입/컵타입 단독 구성 | C4: 38900 | D4: 185 | E4: 11 | F4: 174 | G4: 6342600 | H4: =IF(AND(ISNUMBER(SEARCH("아넬라",B4)),ISNUMBER(SEARCH("로지오가닉",B4))),"공통",IF(ISNUMBER(SEARCH("아넬라",B4)),"아넬라",IF(ISNUMBER(SEARCH("로지오가닉",B4)),"로지오가닉","기타"))) | I4: =IF(ISNUMBER(SEARCH("시크릿 특가",B4)),"시크릿특가",IF(ISNUMBER(SEARCH("첫구매 전용",B4)),"첫구매전용","그 외"))
A5: P00000GL | B5: 아넬라 유기농 아기쌀과자 1봉 | C5: 3200 | D5: 37 | E5: 0 | F5: 37 | G5: 76200 | H5: =IF(AND(ISNUMBER(SEARCH("아넬라",B5)),ISNUMBER(SEARCH("로지오가닉",B5))),"공통",IF(ISNUMBER(SEARCH("아넬라",B5)),"아넬라",IF(ISNUMBER(SEARCH("로지오가닉",B5)),"로지오가닉","기타"))) | I5: =IF(ISNUMBER(SEARCH("시크릿 특가",B5)),"시크릿특가",IF(ISNUMBER(SEARCH("첫구매 전용",B5)),"첫구매전용","그 외"))
A6: P00000ER | B6: [쌀과자 특가] 로지오가닉 유기농 쌀과자 8봉 | C6: 14800 | D6: 25 | E6: 0 | F6: 25 | G6: 339200 | H6: =IF(AND(ISNUMBER(SEARCH("아넬라",B6)),ISNUMBER(SEARCH("로지오가닉",B6))),"공통",IF(ISNUMBER(SEARCH("아넬라",B6)),"아넬라",IF(ISNUMBER(SEARCH("로지오가닉",B6)),"로지오가닉","기타"))) | I6: =IF(ISNUMBER(SEARCH("시크릿 특가",B6)),"시크릿특가",IF(ISNUMBER(SEARCH("첫구매 전용",B6)),"첫구매전용","그 외"))
A7: P00000EW | B7: [첫구매 전용] 아넬라 아기첫과일 체험팩 (1팩 무료배송) | C7: 5400 | D7: 21 | E7: 0 | F7: 21 | G7: 105000 | H7: =IF(AND(ISNUMBER(SEARCH("아넬라",B7)),ISNUMBER(SEARCH("로지오가닉",B7))),"공통",IF(ISNUMBER(SEARCH("아넬라",B7)),"아넬라",IF(ISNUMBER(SEARCH("로지오가닉",B7)),"로지오가닉","기타"))) | I7: =IF(ISNUMBER(SEARCH("시크릿 특가",B7)),"시크릿특가",IF(ISNUMBER(SEARCH("첫구매 전용",B7)),"첫구매전용","그 외"))
A8: P00000GG | B8: 아넬라 지중해 100% 생과일퓨레 8팩 + 1팩 추가증정 | C8: 27900 | D8: 18 | E8: 1 | F8: 17 | G8: 448300 | H8: =IF(AND(ISNUMBER(SEARCH("아넬라",B8)),ISNUMBER(SEARCH("로지오가닉",B8))),"공통",IF(ISNUMBER(SEARCH("아넬라",B8)),"아넬라",IF(ISNUMBER(SEARCH("로지오가닉",B8)),"로지오가닉","기타"))) | I8: =IF(ISNUMBER(SEARCH("시크릿 특가",B8)),"시크릿특가",IF(ISNUMBER(SEARCH("첫구매 전용",B8)),"첫구매전용","그 외"))
A9: P00000FQ | B9: [원데이 특가] 아넬라 과일퓨레 HOP 15팩+2팩 추가 증정 | C9: 38500 | D9: 19 | E9: 2 | F9: 17 | G9: 654500 | H9: =IF(AND(ISNUMBER(SEARCH("아넬라",B9)),ISNUMBER(SEARCH("로지오가닉",B9))),"공통",IF(ISNUMBER(SEARCH("아넬라",B9)),"아넬라",IF(ISNUMBER(SEARCH("로지오가닉",B9)),"로지오가닉","기타"))) | I9: =IF(ISNUMBER(SEARCH("시크릿 특가",B9)),"시크릿특가",IF(ISNUMBER(SEARCH("첫구매 전용",B9)),"첫구매전용","그 외"))
A10: P00000FP | B10: [신규회원 한정] 아넬라&로지오가닉 전품목 맛보기팩 | C10: 31000 | D10: 11 | E10: 0 | F10: 11 | G10: 341000 | H10: =IF(AND(ISNUMBER(SEARCH("아넬라",B10)),ISNUMBER(SEARCH("로지오가닉",B10))),"공통",IF(ISNUMBER(SEARCH("아넬라",B10)),"아넬라",IF(ISNUMBER(SEARCH("로지오가닉",B10)),"로지오가닉","기타"))) | I10: =IF(ISNUMBER(SEARCH("시크릿 특가",B10)),"시크릿특가",IF(ISNUMBER(SEARCH("첫구매 전용",B10)),"첫구매전용","그 외"))
A11: P00000ET | B11: 짜먹는 아넬라 HOP 9종 (택1) | C11: 4200 | D11: 10 | E11: 0 | F11: 10 | G11: 42000 | H11: =IF(AND(ISNUMBER(SEARCH("아넬라",B11)),ISNUMBER(SEARCH("로지오가닉",B11))),"공통",IF(ISNUMBER(SEARCH("아넬라",B11)),"아넬라",IF(ISNUMBER(SEARCH("로지오가닉",B11)),"로지오가닉","기타"))) | I11: =IF(ISNUMBER(SEARCH("시크릿 특가",B11)),"시크릿특가",IF(ISNUMBER(SEARCH("첫구매 전용",B11)),"첫구매전용","그 외"))
A12: P00000CV | B12: 로지오가닉 떡뻥 아기과자 간식 롱뻥 스틱 단호박 외 11종 | C12: 3900 | D12: 10 | E12: 0 | F12: 10 | G12: 39000 | H12: =IF(AND(ISNUMBER(SEARCH("아넬라",B12)),ISNUMBER(SEARCH("로지오가닉",B12))),"공통",IF(ISNUMBER(SEARCH("아넬라",B12)),"아넬라",IF(ISNUMBER(SEARCH("로지오가닉",B12)),"로지오가닉","기타"))) | I12: =IF(ISNUMBER(SEARCH("시크릿 특가",B12)),"시크릿특가",IF(ISNUMBER(SEARCH("첫구매 전용",B12)),"첫구매전용","그 외"))
A13: P00000EK | B13: 아넬라 유기농 아기쌀과자 롱떡뻥&퍼프 1봉 | C13: 3700 | D13: 6 | E13: 0 | F13: 6 | G13: 20200 | H13: =IF(AND(ISNUMBER(SEARCH("아넬라",B13)),ISNUMBER(SEARCH("로지오가닉",B13))),"공통",IF(ISNUMBER(SEARCH("아넬라",B13)),"아넬라",IF(ISNUMBER(SEARCH("로지오가닉",B13)),"로지오가닉","기타"))) | I13: =IF(ISNUMBER(SEARCH("시크릿 특가",B13)),"시크릿특가",IF(ISNUMBER(SEARCH("첫구매 전용",B13)),"첫구매전용","그 외"))
... A24: P00000CR | B24: 로지오가닉 처음마시는 순한 배도라지차 1봉 | C24: 12900 | D24: 1 | E24: 1 | F24: 0 | G24: 0 | H24: =IF(AND(ISNUMBER(SEARCH("아넬라",B24)),ISNUMBER(SEARCH("로지오가닉",B24))),"공통",IF(ISNUMBER(SEARCH("아넬라",B24)),"아넬라",IF(ISNUMBER(SEARCH("로지오가닉",B24)),"로지오가닉","기타"))) | I24: =IF(ISNUMBER(SEARCH("시크릿 특가",B24)),"시크릿특가",IF(ISNUMBER(SEARCH("첫구매 전용",B24)),"첫구매전용","그 외"))
